qmof_id,name,info.formula,info.formula_reduced,info.mofid.mofid,info.mofid.mofkey,info.mofid.smiles_nodes,info.mofid.smiles_linkers,info.mofid.smiles,info.mofid.topology,info.natoms,info.pld,info.lcd,info.density,info.volume,info.symmetry.spacegroup,info.symmetry.spacegroup_number,info.symmetry.spacegroup_crystal,info.symmetry.pointgroup,info.synthesized,info.source,info.doi,inputs.pbe.theory,inputs.pbe.pseudopotentials,inputs.pbe.encut,inputs.pbe.kpoints,inputs.pbe.gamma,inputs.pbe.spin,outputs.pbe.energy_total,outputs.pbe.energy_vdw,outputs.pbe.energy_elec,outputs.pbe.net_magmom,outputs.pbe.bandgap,outputs.pbe.cbm,outputs.pbe.vbm,outputs.pbe.directgap,outputs.pbe.bandgap_spins,outputs.pbe.cbm_spins,outputs.pbe.vbm_spins,outputs.pbe.directgap_spins,inputs.hle17.theory,inputs.hle17.pseudopotentials,inputs.hle17.encut,inputs.hle17.kpoints,inputs.hle17.gamma,inputs.hle17.spin,inputs.hse06_10hf.theory,inputs.hse06_10hf.pseudopotentials,inputs.hse06_10hf.encut,inputs.hse06_10hf.kpoints,inputs.hse06_10hf.gamma,inputs.hse06_10hf.spin,inputs.hse06.theory,inputs.hse06.pseudopotentials,inputs.hse06.encut,inputs.hse06.kpoints,inputs.hse06.gamma,inputs.hse06.spin,outputs.hle17.energy_total,outputs.hle17.energy_vdw,outputs.hle17.energy_elec,outputs.hle17.net_magmom,outputs.hle17.bandgap,outputs.hle17.cbm,outputs.hle17.vbm,outputs.hle17.directgap,outputs.hle17.bandgap_spins,outputs.hle17.cbm_spins,outputs.hle17.vbm_spins,outputs.hle17.directgap_spins,outputs.hse06_10hf.energy_total,outputs.hse06_10hf.energy_vdw,outputs.hse06_10hf.energy_elec,outputs.hse06_10hf.net_magmom,outputs.hse06_10hf.bandgap,outputs.hse06_10hf.cbm,outputs.hse06_10hf.vbm,outputs.hse06_10hf.directgap,outputs.hse06_10hf.bandgap_spins,outputs.hse06_10hf.cbm_spins,outputs.hse06_10hf.vbm_spins,outputs.hse06_10hf.directgap_spins,outputs.hse06.energy_total,outputs.hse06.energy_vdw,outputs.hse06.energy_elec,outputs.hse06.net_magmom,outputs.hse06.bandgap,outputs.hse06.cbm,outputs.hse06.vbm,outputs.hse06.directgap,outputs.hse06.bandgap_spins,outputs.hse06.cbm_spins,outputs.hse06.vbm_spins,outputs.hse06.directgap_spins,water_stable
qmof-ba25365,BADYAJ_FSR,Tb8C192H120N48O48,TbC24H15N6O6,,,['[Tb]'],['[O-]C(=O)c1ccc(cc1)NC1=NC(=[N]=C([N]1)Nc1ccc(cc1)C(=O)[O-])Nc1ccc(cc1)C(=O)[O-]'],[O-]C(=O)c1ccc(cc1)NC1=NC(=[N]=C([N]1)Nc1ccc(cc1)C(=O)[O-])Nc1ccc(cc1)C(=O)[O-].[Tb],,416,7.1498,8.39127,0.9822439436242988,8687.268378119543,P2_1/c,14,monoclinic,2/m,True,CSD,https://doi.org/10.1002/chem.201502033,PBE-D3BJ,"['Tb_3 06Sep2000', 'H 15Jun2001', 'C 08Apr2002', 'N 08Apr2002', 'O 08Apr2002']",520,"[1, 1, 1]",True,False,-3027.14372837,-26.41065,-3000.7330783700004,0.0,3.66703,0.147246,-2.669784,True,"[None, None]","[None, None]","[None, None]","[None, None]",,,,,,,,,,,,,,,,,,,,,,,,,,,,,,,,,,,,,,,,,,,,,,,,,,,,,,,0.75
qmof-051e081,BOZFAZ_FSR,Cd4C124H76N36O16,CdC31H19N9O4,[Cd].[O-]C(=O)c1ccc2c(c1)ccc(c2)C(=O)[O-].n1ccc(cc1)c1[nH]nc(n1)c1cccc(n1)c1n[nH]c(n1)c1ccncc1 MOFid-v1.pcu.cat1,Cd.PZOHHVCEVSBOLS.RXOHFPCZGPKIRD.MOFkey-v1.pcu,['[Cd]'],"['[O-]C(=O)c1ccc2c(c1)ccc(c2)C(=O)[O-]', 'n1ccc(cc1)c1[nH]nc(n1)c1cccc(n1)c1n[nH]c(n1)c1ccncc1']",[Cd].[O-]C(=O)c1ccc2c(c1)ccc(c2)C(=O)[O-].n1ccc(cc1)c1[nH]nc(n1)c1cccc(n1)c1n[nH]c(n1)c1ccncc1,pcu,256,5.51197,6.80835,1.1025529019802789,4180.601248554762,P2/c,13,monoclinic,2/m,True,CSD,,PBE-D3BJ,"['Cd 06Sep2000', 'H 15Jun2001', 'C 08Apr2002', 'N 08Apr2002', 'O 08Apr2002']",520,"[2, 1, 1]",True,False,-1826.56807701,-17.1048,-1809.46327701,0.0,3.2808740000000003,0.309901,-2.120973,True,"[None, None]","[None, None]","[None, None]","[None, None]",,,,,,,,,,,,,,,,,,,,,,,,,,,,,,,,,,,,,,,,,,,,,,,,,,,,,,,0.81
qmof-04c1119,GADMUW_FSR,Zn12C216H136N16O48,Zn3C54H34N4O12,[O-]C(=O)c1ccc(cc1)c1ccc(cc1)C(=O)[O-].[Zn].n1ccc(cc1)[CH][N]N=Cc1ccncc1 MOFid-v1.hex.cat1,Zn.NEQFBGHQPUXOFH.XLLIUDMGQNPRJS.MOFkey-v1.hex,['[Zn]'],"['[O-]C(=O)c1ccc(cc1)c1ccc(cc1)C(=O)[O-]', 'n1ccc(cc1)[CH][N]N=Cc1ccncc1']",[O-]C(=O)c1ccc(cc1)c1ccc(cc1)C(=O)[O-].[Zn].n1ccc(cc1)[CH][N]N=Cc1ccncc1,hex,428,4.80458,9.07631,0.9427136357462162,7941.2629479706175,C2/c,15,monoclinic,2/m,True,CSD,https://doi.org/10.1039/C5CE02036K,PBE-D3BJ,"['Zn 06Sep2000', 'H 15Jun2001', 'C 08Apr2002', 'N 08Apr2002', 'O 08Apr2002']",520,"[2, 1, 1]",True,False,-2958.82137253,-26.34422,-2932.47715253,0.0,2.582277,-0.987413,-2.71969,False,"[None, None]","[None, None]","[None, None]","[None, None]",,,,,,,,,,,,,,,,,,,,,,,,,,,,,,,,,,,,,,,,,,,,,,,,,,,,,,,0.81
qmof-f17dd8e,JIVFUQ_FSR,Zn2C12H12O16P4,ZnC6H6O8P2,"Oc1cc(c(cc1P(=O)(O)[O])O)P(=O)(O)[O].[Zn] MOFid-v1.pts,dmd.cat0",Zn.FBCYUUJBQGIZNU.MOFkey-v1.pts,['[Zn]'],['Oc1cc(c(cc1P(=O)(O)[O])O)P(=O)(O)[O]'],Oc1cc(c(cc1P(=O)(O)[O])O)P(=O)(O)[O].[Zn],pts,46,5.18185,6.17017,1.131778043828768,978.5121355357298,C2/c,15,monoclinic,2/m,True,CSD,https://doi.org/10.1021/ic701628f,PBE-D3BJ,"['Zn 06Sep2000', 'P 06Sep2000', 'H 15Jun2001', 'C 08Apr2002', 'O 08Apr2002']",520,"[3, 2, 2]",True,False,-300.61243708,-2.9527,-297.65973708,0.0,3.5260890000000003,0.674358,-2.001731,False,"[None, None]","[None, None]","[None, None]","[None, None]",HLE17//PBE-D3BJ,"['Zn 06Sep2000', 'P 06Sep2000', 'H 15Jun2001', 'C 08Apr2002', 'O 08Apr2002']",520.0,"[2, 2, 2]",False,False,HSE06-D3BJ-HF10//PBE-D3BJ,"['Zn 06Sep2000', 'P 06Sep2000', 'H 15Jun2001', 'C 08Apr2002', 'O 08Apr2002']",520.0,"[2, 2, 2]",False,False,HSE06-D3BJ//PBE-D3BJ,"['Zn 06Sep2000', 'P 06Sep2000', 'H 15Jun2001', 'C 08Apr2002', 'O 08Apr2002']",520.0,"[2, 2, 2]",False,False,-3174.0695079,0.0,-3174.0695079,0.0,3.088445,-0.779964,-3.868409,False,"[None, None]","[None, None]","[None, None]","[None, None]",-325.36765421,-2.56124,-322.80641421,0.0,3.1473890000000004,0.86141,-2.285979,True,"[None, None]","[None, None]","[None, None]","[None, None]",-363.57649704,-2.56124,-361.01525704,0.0,3.788807,1.079963,-2.708844,True,"[None, None]","[None, None]","[None, None]","[None, None]",0.79
qmof-ea9f3ea,KOSLUB_FSR,Ni6C24H6O18,NiC4HO3,,,['[Ni]'],['[O-]C(=O)c1cc(C(=O)[O-])c(cc1[O])[O]'],[Ni].[O-]C(=O)c1cc(C(=O)[O-])c(cc1[O])[O],,54,10.43769,11.55467,1.1515413113298412,1347.4961115986737,R3m,160,trigonal,3m,True,CSD,https://doi.org/10.1021/ja506230r,PBE-D3BJ,"['Ni 02Aug2007', 'H 15Jun2001', 'C 08Apr2002', 'O 08Apr2002']",520,"[4, 2, 2]",False,True,-393.66696511,-4.3143,-389.35266511,12.0,1.3003939999999998,-1.856021,-2.306415,False,"[2.7312019999999997, 0.5490040000000003]","[0.424787, -1.856021]","[-2.306415, -2.405025]","[True, False]",HLE17//PBE-D3BJ,"['Ni 02Aug2007', 'H 15Jun2001', 'C 08Apr2002', 'O 08Apr2002']",520.0,"[3, 1, 1]",True,True,HSE06-D3BJ-HF10//PBE-D3BJ,"['Ni 02Aug2007', 'H 15Jun2001', 'C 08Apr2002', 'O 08Apr2002']",520.0,"[3, 1, 1]",True,True,HSE06-D3BJ//PBE-D3BJ,"['Ni 02Aug2007', 'H 15Jun2001', 'C 08Apr2002', 'O 08Apr2002']",520.0,"[3, 1, 1]",True,True,-4721.18408212,0.0,-4721.18408212,12.0,0.3036989999999999,-4.06262,-4.366319,True,"[3.551546, 0.30369899999999994]","[-1.100155, -4.06262]","[-4.651701, -4.366319]","[True, True]",-428.46038539,-3.81953,-424.64085539,12.0,1.700355,-1.196701,-2.897056,False,"[3.5670520000000003, 1.7661630000000001]","[0.669996, -1.196701]","[-2.897056, -2.962864]","[True, True]",-483.2055213,-3.81953,-479.3859913,12.0,3.3276600000000003,-0.024262,-3.351922,True,"[4.384989, 3.3276600000000003]","[0.995578, -0.024262]","[-3.389411, -3.351922]","[False, True]",0.77
qmof-0da3c2d,MOF-5_cooh_2_858_3,Zn8C24H12O32,Zn2C6H3O8,[O-]C(=O)C1OC1C(=O)[O-].[Zn][O]([Zn])([Zn])[Zn] MOFid-v1.pcu.cat0,Zn.DCEMCPAKSGRHCN.MOFkey-v1.pcu,['[Zn][O]([Zn])([Zn])[Zn]'],['[O-]C(=O)C1OC1C(=O)[O-]'],[O-]C(=O)C1OC1C(=O)[O-].[Zn][O]([Zn])([Zn])[Zn],pcu,76,5.87469,8.30707,0.9034955829392042,2454.714912458893,P1,1,triclinic,1,False,Haranczyk_MOF5,https://doi.org/10.1021/jp401920y,PBE-D3BJ,"['Zn 06Sep2000', 'H 15Jun2001', 'C 08Apr2002', 'O 08Apr2002']",520,"[2, 2, 2]",False,False,-494.51946085,-3.80701,-490.71245085,0.0,4.983267,-0.53633,-4.669597,False,"[None, None]","[None, None]","[None, None]","[None, None]",,,,,,,,,,,,,,,,,,,,,,,,,,,,,,,,,,,,,,,,,,,,,,,,,,,,,,,0.75
qmof-09e46be,NIRPIQ_FSR,Al4C32H16O20,AlC8H4O5,,,"['[Al]', '[OH]']",['[O-]C(=O)c1cc(cc(c1)C(=O)[O-])c1cc(cc(c1)C(=O)[O-])C(=O)[O-]'],[Al].[O-]C(=O)c1cc(cc(c1)C(=O)[O-])c1cc(cc(c1)C(=O)[O-])C(=O)[O-].[OH],,72,6.90081,7.02839,1.042048372138845,1320.057069719644,I4_122,98,tetragonal,422,True,CSD,https://doi.org/10.1002/anie.201808316,PBE-D3BJ,"['Al 04Jan2001', 'H 15Jun2001', 'C 08Apr2002', 'O 08Apr2002']",520,"[2, 2, 2]",False,False,-526.13538184,-4.79253,-521.34285184,0.0,4.204606,0.626718,-2.727888,True,"[None, None]","[None, None]","[None, None]","[None, None]",HLE17//PBE-D3BJ,"['Al 04Jan2001', 'H 15Jun2001', 'C 08Apr2002', 'O 08Apr2002']",520.0,"[1, 1, 1]",True,False,HSE06-D3BJ-HF10//PBE-D3BJ,"['Al 04Jan2001', 'H 15Jun2001', 'C 08Apr2002', 'O 08Apr2002']",520.0,"[1, 1, 1]",True,False,HSE06-D3BJ//PBE-D3BJ,"['Al 04Jan2001', 'H 15Jun2001', 'C 08Apr2002', 'O 08Apr2002']",520.0,"[1, 1, 1]",True,False,-3257.81642834,0.0,-3257.81642834,0.0,3.504491,-0.930993,-4.435484,True,"[None, None]","[None, None]","[None, None]","[None, None]",-564.17622239,-4.06178,-560.11444239,0.0,3.754366,0.782396,-2.97197,True,"[None, None]","[None, None]","[None, None]","[None, None]",-623.01106292,-4.06178,-618.94928292,0.0,4.361890000000001,1.037325,-3.324565,True,"[None, None]","[None, None]","[None, None]","[None, None]",0.85
qmof-e0d0d89,RAXNEK_FSR,Fe2C32H28N4O12,FeC16H14N2O6,O=C1C(=O)C(=O)C1=O.[OH2][Fe][OH2].n1ccc(cc1)C=Cc1ccncc1 MOFid-v1.sql.cat1,Fe.KDAVZOLBYGNLGF.MGFJDEHFNMWYBD.MOFkey-v1.sql,['[OH2][Fe][OH2]'],"['O=C1C(=O)C(=O)C1=O', 'n1ccc(cc1)C=Cc1ccncc1']",O=C1C(=O)C(=O)C1=O.[OH2][Fe][OH2].n1ccc(cc1)C=Cc1ccncc1,sql,78,4.69864,5.46557,1.329233437506314,964.7603214810476,C2/c,15,monoclinic,2/m,True,CSD,https://doi.org/10.1016/j.ica.2005.07.014,PBE-D3BJ,"['Fe 06Sep2000', 'H 15Jun2001', 'C 08Apr2002', 'N 08Apr2002', 'O 08Apr2002']",520,"[3, 2, 1]",True,True,-527.32708269,-5.88289,-521.44419269,0.0,1.231916,0.684913,0.302997,False,"[0.381916, 0.383308]","[0.684913, 0.685925]","[0.302997, 0.302617]","[False, False]",,,,,,,,,,,,,,,,,,,,,,,,,,,,,,,,,,,,,,,,,,,,,,,,,,,,,,,0.76
qmof-e2d2c46,RITDAB_FSR,Cu2In2C48H32N8O16,CuInC24H16N4O8,[Cu].[In].[O-]C(=O)c1ccncc1 MOFid-v1.dia.cat1,CuIn.TWBYWOBDOCUKOW.MOFkey-v1.dia,"['[Cu]', '[In]']",['[O-]C(=O)c1ccncc1'],[Cu].[In].[O-]C(=O)c1ccncc1,dia,108,4.61287,5.62726,1.282153241980062,1727.0905403487618,Fddd,70,orthorhombic,mmm,True,CSD,https://doi.org/10.1039/C3RA41627E,PBE-D3BJ,"['In_d 06Sep2000', 'Cu 22Jun2005', 'H 15Jun2001', 'C 08Apr2002', 'N 08Apr2002', 'O 08Apr2002']",520,"[2, 2, 1]",True,False,-748.05284196,-6.81692,-741.23592196,0.0,2.150092,0.725884,-0.574208,False,"[None, None]","[None, None]","[None, None]","[None, None]",,,,,,,,,,,,,,,,,,,,,,,,,,,,,,,,,,,,,,,,,,,,,,,,,,,,,,,0.86
qmof-3fcf6ee,XEXMEU_FSR,Zn4C76H32N8O24,ZnC19H8N2O6,[O-]C(=O)c1ccc2c3c1c(ccc3C(=O)N(C2=O)c1ccncc1)C(=O)[O-].[Zn][Zn] MOFid-v1.rtl.cat0,Zn.CRPXTZDOBYLBTC.MOFkey-v1.rtl,['[Zn][Zn]'],['[O-]C(=O)c1ccc2c3c1c(ccc3C(=O)N(C2=O)c1ccncc1)C(=O)[O-]'],[O-]C(=O)c1ccc2c3c1c(ccc3C(=O)N(C2=O)c1ccncc1)C(=O)[O-].[Zn][Zn],rtl,144,8.83519,9.58201,1.0468852745622184,2700.8407483635187,P2_1/c,14,monoclinic,2/m,True,CSD,https://doi.org/10.1021/ic302334x,PBE-D3BJ,"['Zn 06Sep2000', 'H 15Jun2001', 'C 08Apr2002', 'N 08Apr2002', 'O 08Apr2002']",520,"[4, 1, 1]",True,False,-1052.9101207,-10.7598,-1042.1503207,0.0,2.747464,-0.611311,-2.508775,True,"[None, None]","[None, None]","[None, None]","[None, None]",,,,,,,,,,,,,,,,,,,,,,,,,,,,,,,,,,,,,,,,,,,,,,,,,,,,,,,0.75
qmof-8f5113c,XIDBUJ_FSR,Zn4C68H40N12O16,ZnC17H10N3O4,,,['[Zn]'],"['[O-]C(=O)C(=O)[O-]', '[O-]C(=O)c1cc(nc(c1)c1ccncc1)c1ccncc1']",[O-]C(=O)C(=O)[O-].[O-]C(=O)c1cc(nc(c1)c1ccncc1)c1ccncc1.[Zn],,140,6.25853,7.42051,1.0883388510050358,2353.8624608591035,C2/m,12,monoclinic,2/m,True,CSD,https://doi.org/10.1039/c2ce26171e,PBE-D3BJ,"['Zn 06Sep2000', 'H 15Jun2001', 'C 08Apr2002', 'N 08Apr2002', 'O 08Apr2002']",520,"[2, 1, 1]",True,False,-986.53729452,-9.41238,-977.12491452,0.0,2.800837,0.052242,-1.898595,True,"[None, None]","[None, None]","[None, None]","[None, None]",,,,,,,,,,,,,,,,,,,,,,,,,,,,,,,,,,,,,,,,,,,,,,,,,,,,,,,0.83
qmof-293c249,boydwoo_str_m1_o10_o10_pcu_sym_136,Zn4C22H26O15,Zn4C22H26O15,CCC(=C(C(=O)[O-])CC)C(=O)[O-].COC(=C(C(=O)[O-])OC)C(=O)[O-].[Zn][O]([Zn])([Zn])[Zn] MOFid-v1.pcu.cat0,Zn.HAHASQAKYSVXBE.JSMRMEHPVKWHKV.MOFkey-v1.pcu,['[Zn][O]([Zn])([Zn])[Zn]'],"['CCC(=C(C(=O)[O-])CC)C(=O)[O-]', 'COC(=C(C(=O)[O-])OC)C(=O)[O-]']",CCC(=C(C(=O)[O-])CC)C(=O)[O-].COC(=C(C(=O)[O-])OC)C(=O)[O-].[Zn][O]([Zn])([Zn])[Zn],pcu,67,5.21144,6.57638,1.0402440523521894,1264.377574937813,P1,1,triclinic,1,False,BoydWoo,https://doi.org/10.24435/materialscloud:2018.0016/v3,PBE-D3BJ,"['Zn 06Sep2000', 'H 15Jun2001', 'C 08Apr2002', 'O 08Apr2002']",520,"[2, 2, 2]",False,False,-408.14997155,-3.46398,-404.68599155,0.0,3.872012,0.158656,-2.863356,False,"[None, None]","[None, None]","[None, None]","[None, None]",,,,,,,,,,,,,,,,,,,,,,,,,,,,,,,,,,,,,,,,,,,,,,,,,,,,,,,0.85
qmof-7d9f443,boydwoo_str_m1_o10_o26_pcu_sym_17,Zn4C32H26N4O25,Zn4C32H26N4O25,CCOC(=C(C(=O)[O-])OCC)C(=O)[O-].CCOc1cc(C=Cc2cc(N(=O)=O)c(c(c2N(=O)=O)OCC)C(=O)[O-])cc(c1C(=O)[O-])N(=O)=O.[O-]C(=O)C=C(N(=O)=O)C(=O)[O-].[Zn][O]([Zn])([Zn])[Zn] MOFid-v1.pcu.cat0,Zn.AERZKEJCFSHTMN.VNYJDVJOYIUPIQ.ZWOANMCUGPOITR.MOFkey-v1.pcu,['[Zn][O]([Zn])([Zn])[Zn]'],"['CCOC(=C(C(=O)[O-])OCC)C(=O)[O-]', 'CCOc1cc(C=Cc2cc(N(=O)=O)c(c(c2N(=O)=O)OCC)C(=O)[O-])cc(c1C(=O)[O-])N(=O)=O', '[O-]C(=O)C=C(N(=O)=O)C(=O)[O-]']",CCOC(=C(C(=O)[O-])OCC)C(=O)[O-].CCOc1cc(C=Cc2cc(N(=O)=O)c(c(c2N(=O)=O)OCC)C(=O)[O-])cc(c1C(=O)[O-])N(=O)=O.[O-]C(=O)C=C(N(=O)=O)C(=O)[O-].[Zn][O]([Zn])([Zn])[Zn],pcu,91,7.61055,8.77481,0.8300959401836409,2256.865146349714,P1,1,triclinic,1,False,BoydWoo,https://doi.org/10.24435/materialscloud:2018.0016/v3,PBE-D3BJ,"['Zn 06Sep2000', 'H 15Jun2001', 'C 08Apr2002', 'N 08Apr2002', 'O 08Apr2002']",520,"[2, 2, 1]",True,False,-587.24997881,-4.66266,-582.58731881,0.0,2.456513,-1.702581,-3.309094,False,"[None, None]","[None, None]","[None, None]","[None, None]",,,,,,,,,,,,,,,,,,,,,,,,,,,,,,,,,,,,,,,,,,,,,,,,,,,,,,,0.75
qmof-44bb29e,boydwoo_str_m3_o11_o21_pcu_sym_58,Zn2C18H10N2O22S4,ZnC9H5NO11S2,O=CC(=NS([O])(O)[O])C(=N)C=O.[O-]C(=O)C#CC=C(S(O)([O])[O])C#CC(=O)[O-].[O-]C(=O)C=C[C](S([O])([O])O)[C](S([O])(O)[O])C(=O)[O-].[Zn][Zn] MOFid-v1.pcu.cat0,Zn.BFIVUQKMKHJIDX.BVXLTQNWFXJOSJ.RSDPRHGUQWELGE.MOFkey-v1.pcu,['[Zn][Zn]'],"['O=CC(=NS([O])(O)[O])C(=N)C=O', '[O-]C(=O)C#CC=C(S(O)([O])[O])C#CC(=O)[O-]', '[O-]C(=O)C=C[C](S([O])([O])O)[C](S([O])(O)[O])C(=O)[O-]']",O=CC(=NS([O])(O)[O])C(=N)C=O.[O-]C(=O)C#CC=C(S(O)([O])[O])C#CC(=O)[O-].[O-]C(=O)C=C[C](S([O])([O])O)[C](S([O])(O)[O])C(=O)[O-].[Zn][Zn],pcu,58,6.26428,7.71984,0.9868957877039762,1456.027912261332,P1,1,triclinic,1,False,BoydWoo,https://doi.org/10.24435/materialscloud:2018.0016/v3,PBE-D3BJ,"['Zn 06Sep2000', 'H 15Jun2001', 'C 08Apr2002', 'S 06Sep2000', 'N 08Apr2002', 'O 08Apr2002']",520,"[2, 2, 2]",False,False,-377.7676872,-3.74471,-374.0229772,0.0,2.561709,-2.011548,-3.723257,True,"[None, None]","[None, None]","[None, None]","[None, None]",,,,,,,,,,,,,,,,,,,,,,,,,,,,,,,,,,,,,,,,,,,,,,,,,,,,,,,0.79
qmof-c26f0a1,boydwoo_str_m3_o13_o28_pcu_sym_188,Zn2C64H44I12N4O20,ZnC32H22I6N2O10,CCOc1c(OCC)c(C(=O)[O-])c(c2c1c(I)c(C(=O)[O-])c(c2OCC)OCC)I.CCOc1cc2C(=O)N(c3c(OCC)cc(c(c3I)I)C(=O)[O-])C(=O)c3c2c2c1C(=O)N(c1c(OCC)cc(c(c1I)I)C(=O)[O-])C(=O)c2cc3OCC.Ic1nc(I)c(c2c1c(I)c(nc2I)I)I.[Zn][Zn] MOFid-v1.pcu.cat0,Zn.SKQBUCAAVUMGLJ.WMFCNFHIMCPYSH.ZRGZPHSHDHMYGK.MOFkey-v1.pcu,['[Zn][Zn]'],"['CCOc1c(OCC)c(C(=O)[O-])c(c2c1c(I)c(C(=O)[O-])c(c2OCC)OCC)I', 'CCOc1cc2C(=O)N(c3c(OCC)cc(c(c3I)I)C(=O)[O-])C(=O)c3c2c2c1C(=O)N(c1c(OCC)cc(c(c1I)I)C(=O)[O-])C(=O)c2cc3OCC', 'Ic1nc(I)c(c2c1c(I)c(nc2I)I)I']",CCOc1c(OCC)c(C(=O)[O-])c(c2c1c(I)c(C(=O)[O-])c(c2OCC)OCC)I.CCOc1cc2C(=O)N(c3c(OCC)cc(c(c3I)I)C(=O)[O-])C(=O)c3c2c2c1C(=O)N(c1c(OCC)cc(c(c1I)I)C(=O)[O-])C(=O)c2cc3OCC.Ic1nc(I)c(c2c1c(I)c(nc2I)I)I.[Zn][Zn],pcu,146,6.29873,7.88506,1.278926300580958,3690.946546008402,P1,1,triclinic,1,False,BoydWoo,https://doi.org/10.24435/materialscloud:2018.0016/v3,PBE-D3BJ,"['Zn 06Sep2000', 'H 15Jun2001', 'C 08Apr2002', 'I 08Apr2002', 'N 08Apr2002', 'O 08Apr2002']",520,"[2, 2, 1]",True,False,-926.70791112,-10.52998,-916.17793112,0.0,1.671535,-1.127475,-1.94901,False,"[None, None]","[None, None]","[None, None]","[None, None]",,,,,,,,,,,,,,,,,,,,,,,,,,,,,,,,,,,,,,,,,,,,,,,,,,,,,,,0.75
qmof-07c07d3,boydwoo_str_m3_o1_o24_nbo_sym_275,Zn6C76H60O50,Zn3C38H30O25,COC12C3(OC)C4(C2(C2(C1(C3(C42C=O)C(=O)[O-])C=O)C=O)C(=O)[O-])C=O.COc1c(C(=O)[O-])c(C=O)c(c(c1C=O)C(=O)[O-])OC.COc1c(C(=O)[O-])c(C=O)c(c(c1OC)C(=O)[O-])C=O.COc1c(C(=O)[O-])c(C=O)c(c(c1OC)C(=O)[O-])OC.COc1c(C(=O)[O-])c(OC)c(c(c1OC)C(=O)[O-])OC.[Zn][Zn] MOFid-v1.nbo.cat0,Zn.FCVDSDKEZPUDSC.RMHQROFIRFCBMK.RUYDEHNVLDZUSE.XNEGDCDLLIAGKU.ZMTDRURJAUIODQ.MOFkey-v1.nbo,['[Zn][Zn]'],"['COC12C3(OC)C4(C2(C2(C1(C3(C42C=O)C(=O)[O-])C=O)C=O)C(=O)[O-])C=O', 'COc1c(C(=O)[O-])c(C=O)c(c(c1C=O)C(=O)[O-])OC', 'COc1c(C(=O)[O-])c(C=O)c(c(c1OC)C(=O)[O-])C=O', 'COc1c(C(=O)[O-])c(C=O)c(c(c1OC)C(=O)[O-])OC', 'COc1c(C(=O)[O-])c(OC)c(c(c1OC)C(=O)[O-])OC']",COC12C3(OC)C4(C2(C2(C1(C3(C42C=O)C(=O)[O-])C=O)C=O)C(=O)[O-])C=O.COc1c(C(=O)[O-])c(C=O)c(c(c1C=O)C(=O)[O-])OC.COc1c(C(=O)[O-])c(C=O)c(c(c1OC)C(=O)[O-])C=O.COc1c(C(=O)[O-])c(C=O)c(c(c1OC)C(=O)[O-])OC.COc1c(C(=O)[O-])c(OC)c(c(c1OC)C(=O)[O-])OC.[Zn][Zn],nbo,192,5.46926,13.52812,0.7232161306329671,4972.5827280974,P1,1,triclinic,1,False,BoydWoo,https://doi.org/10.24435/materialscloud:2018.0016/v3,PBE-D3BJ,"['Zn 06Sep2000', 'H 15Jun2001', 'C 08Apr2002', 'O 08Apr2002']",520,"[1, 1, 1]",True,False,-1245.07757594,-10.35046,-1234.72711594,0.0,2.579827,-1.465549,-3.195376,True,"[None, None]","[None, None]","[None, None]","[None, None]",,,,,,,,,,,,,,,,,,,,,,,,,,,,,,,,,,,,,,,,,,,,,,,,,,,,,,,0.79
qmof-293bef6,boydwoo_str_m3_o1_o24_pcu_sym_132,Zn2C26H22N2O8,ZnC13H11NO4,[O-]C(=O)C12C3C4C2C2C1C3C42C(=O)[O-].[O-]C(=O)c1c(C)c(C)c(c(c1C)C)C(=O)[O-].[Zn][Zn].n1ccncc1 MOFid-v1.pcu.cat0,Zn.JFKXMJUMOJJTCQ.KYQCOXFCLRTKLS.NEOZDUDLYDUOTE.MOFkey-v1.pcu,['[Zn][Zn]'],"['[O-]C(=O)C12C3C4C2C2C1C3C42C(=O)[O-]', '[O-]C(=O)c1c(C)c(C)c(c(c1C)C)C(=O)[O-]', 'n1ccncc1']",[O-]C(=O)C12C3C4C2C2C1C3C42C(=O)[O-].[O-]C(=O)c1c(C)c(C)c(c(c1C)C)C(=O)[O-].[Zn][Zn].n1ccncc1,pcu,60,5.94539,6.65301,0.8935499693644283,1154.5620090510888,P-1,2,triclinic,-1,False,BoydWoo,https://doi.org/10.24435/materialscloud:2018.0016/v3,PBE-D3BJ,"['Zn 06Sep2000', 'H 15Jun2001', 'C 08Apr2002', 'N 08Apr2002', 'O 08Apr2002']",520,"[2, 2, 2]",False,False,-389.95297551,-3.30964,-386.64333551,0.0,2.296918,-1.186507,-2.633425,False,"[None, None]","[None, None]","[None, None]","[None, None]",,,,,,,,,,,,,,,,,,,,,,,,,,,,,,,,,,,,,,,,,,,,,,,,,,,,,,,0.75
qmof-18b8ab1,boydwoo_str_m3_o23_o27_pcu_sym_281,Zn2C58Cl14H54N6O8,ZnC29Cl7H27N3O4,CCCC1(Cl)CC2(C#CC(=O)[O-])CC(C1(C#CC(=O)[O-])CC2(CCC)CCC)(Cl)CCC.N#CC12CCC(C(C1Cl)Cl)(C(C2(Cl)Cl)(Cl)Cl)C#N.[Zn][Zn] MOFid-v1.pcu.cat0,Zn.QARJNJHWMQKTIJ.VEJBDPIYXGGQLR.MOFkey-v1.pcu,['[Zn][Zn]'],"['CCCC1(Cl)CC2(C#CC(=O)[O-])CC(C1(C#CC(=O)[O-])CC2(CCC)CCC)(Cl)CCC', 'N#CC12CCC(C(C1Cl)Cl)(C(C2(Cl)Cl)(Cl)Cl)C#N']",CCCC1(Cl)CC2(C#CC(=O)[O-])CC(C1(C#CC(=O)[O-])CC2(CCC)CCC)(Cl)CCC.N#CC12CCC(C(C1Cl)Cl)(C(C2(Cl)Cl)(Cl)Cl)C#N.[Zn][Zn],pcu,142,8.19144,13.26318,0.5860997852816145,4505.484587692061,P1,1,triclinic,1,False,BoydWoo,https://doi.org/10.24435/materialscloud:2018.0016/v3,PBE-D3BJ,"['Zn 06Sep2000', 'H 15Jun2001', 'C 08Apr2002', 'N 08Apr2002', 'Cl 06Sep2000', 'O 08Apr2002']",520,"[2, 2, 1]",True,False,-860.7815965,-8.32867,-852.4529265,0.0,2.313386,-1.733744,-3.19713,False,"[None, None]","[None, None]","[None, None]","[None, None]",,,,,,,,,,,,,,,,,,,,,,,,,,,,,,,,,,,,,,,,,,,,,,,,,,,,,,,0.76
qmof-20f906c,boydwoo_str_m3_o4_o18_pcu_sym_175,Zn2C42H26N2O14,ZnC21H13NO7,[O-]C(=O)c1c(O)c(O)c(c2c1CC2)C(=O)[O-].[O-]C(=O)c1ccc2c(c1)c1cc(O)c3c(c1c(c2)O)cc(c(c3O)O)C(=O)[O-].[Zn][Zn].c1ccc(cc1)c1cnc2c(n1)CC2 MOFid-v1.pcu.cat0,Zn.DQGADHAKKGDKBH.GVJWOZLEKUCCMG.RDBWTHFUCMBUJW.MOFkey-v1.pcu,['[Zn][Zn]'],"['[O-]C(=O)c1c(O)c(O)c(c2c1CC2)C(=O)[O-]', '[O-]C(=O)c1ccc2c(c1)c1cc(O)c3c(c1c(c2)O)cc(c(c3O)O)C(=O)[O-]', 'c1ccc(cc1)c1cnc2c(n1)CC2']",[O-]C(=O)c1c(O)c(O)c(c2c1CC2)C(=O)[O-].[O-]C(=O)c1ccc2c(c1)c1cc(O)c3c(c1c(c2)O)cc(c(c3O)O)C(=O)[O-].[Zn][Zn].c1ccc(cc1)c1cnc2c(n1)CC2,pcu,86,5.56686,7.12659,0.9925776897404316,1528.210150209124,P1,1,triclinic,1,False,BoydWoo,https://doi.org/10.24435/materialscloud:2018.0016/v3,PBE-D3BJ,"['Zn 06Sep2000', 'H 15Jun2001', 'C 08Apr2002', 'N 08Apr2002', 'O 08Apr2002']",520,"[2, 2, 1]",True,False,-594.11720845,-5.25039,-588.86681845,0.0,1.6128589999999998,-0.769131,-1.53199,False,"[None, None]","[None, None]","[None, None]","[None, None]",,,,,,,,,,,,,,,,,,,,,,,,,,,,,,,,,,,,,,,,,,,,,,,,,,,,,,,0.75
qmof-d6a31e5,boydwoo_str_m3_o4_o6_pcu_sym_149,Zn2Br4C30H16N2O9,Zn2Br4C30H16N2O9,Brc1cnc2c(n1)C(C2)Br.CCOC1C(Br)c2c1c(ccc2C(=O)[O-])C(=O)[O-].[O-]C(=O)C#Cc1ccc(c(c1)Br)C#CC(=O)[O-].[Zn][Zn] MOFid-v1.pcu.cat0,Zn.BVTCEKXZALNEMP.RHGQNDYZNCTCQT.YZSNYOQEMLHNPE.MOFkey-v1.pcu,['[Zn][Zn]'],"['Brc1cnc2c(n1)C(C2)Br', 'CCOC1C(Br)c2c1c(ccc2C(=O)[O-])C(=O)[O-]', '[O-]C(=O)C#Cc1ccc(c(c1)Br)C#CC(=O)[O-]']",Brc1cnc2c(n1)C(C2)Br.CCOC1C(Br)c2c1c(ccc2C(=O)[O-])C(=O)[O-].[O-]C(=O)C#Cc1ccc(c(c1)Br)C#CC(=O)[O-].[Zn][Zn],pcu,63,7.5199,8.6434,0.9564337229216828,1734.25078487478,P1,1,triclinic,1,False,BoydWoo,https://doi.org/10.24435/materialscloud:2018.0016/v3,PBE-D3BJ,"['Zn 06Sep2000', 'H 15Jun2001', 'C 08Apr2002', 'Br 06Sep2000', 'N 08Apr2002', 'O 08Apr2002']",520,"[3, 2, 1]",True,False,-415.50352855,-3.80445,-411.69907855,0.0,2.521052,-1.857364,-3.528416,False,"[None, None]","[None, None]","[None, None]","[None, None]",,,,,,,,,,,,,,,,,,,,,,,,,,,,,,,,,,,,,,,,,,,,,,,,,,,,,,,0.75
qmof-91af4b8,boydwoo_str_m4_Al_o17_o25_acs_sym_188,Al6C98H48O30,Al3C49H24O15,COc1c(cc2c3c1ccc1c3c(cc2)cc(c1)C(=O)[O-])C(=O)[O-].COc1cc2cc(cc3c2c2c1cc(cc2cc3)C(=O)[O-])C(=O)[O-].O[Al][O]([Al])[Al].[O-]C(=O)C#CC12C3C4C2C2C1C3C42C#CC(=O)[O-].[O-]C(=O)c1cc2ccc3c4c2c(c1)ccc4cc(c3)C(=O)[O-] MOFid-v1.acs.cat0,Al.IYZPBNARRDXJGX.OTAJGWQCQIEFEV.QFTLBKNNGAGBTQ.VPNHZAKITSXAFU.MOFkey-v1.acs,['O[Al][O]([Al])[Al]'],"['COc1c(cc2c3c1ccc1c3c(cc2)cc(c1)C(=O)[O-])C(=O)[O-]', 'COc1cc2cc(cc3c2c2c1cc(cc2cc3)C(=O)[O-])C(=O)[O-]', '[O-]C(=O)C#CC12C3C4C2C2C1C3C42C#CC(=O)[O-]', '[O-]C(=O)c1cc2ccc3c4c2c(c1)ccc4cc(c3)C(=O)[O-]']",COc1c(cc2c3c1ccc1c3c(cc2)cc(c1)C(=O)[O-])C(=O)[O-].COc1cc2cc(cc3c2c2c1cc(cc2cc3)C(=O)[O-])C(=O)[O-].O[Al][O]([Al])[Al].[O-]C(=O)C#CC12C3C4C2C2C1C3C42C#CC(=O)[O-].[O-]C(=O)c1cc2ccc3c4c2c(c1)ccc4cc(c3)C(=O)[O-],acs,182,5.32534,7.44645,0.7805096353231412,3972.6942998562913,P1,1,triclinic,1,False,BoydWoo,https://doi.org/10.24435/materialscloud:2018.0016/v3,PBE-D3BJ,"['Al 04Jan2001', 'H 15Jun2001', 'C 08Apr2002', 'O 08Apr2002']",520,"[2, 2, 1]",True,False,-1299.61984958,-10.61207,-1289.00777958,0.0,2.597734,-0.51205,-2.259784,False,"[None, None]","[None, None]","[None, None]","[None, None]",,,,,,,,,,,,,,,,,,,,,,,,,,,,,,,,,,,,,,,,,,,,,,,,,,,,,,,0.8
qmof-0e64acd,boydwoo_str_m4_Al_o17_o25_acs_sym_92,Al6C100H51N7O36,Al6C100H51N7O36,O[Al][O]([Al])[Al].[O-]C(=O)C#CC12C3C4C1C1(C2(C3C41C#CC(=O)[O-])C(=O)O)N.[O-]C(=O)C#CC12C3C4C2C2(C1C3C42C#CC(=O)[O-])C(=O)O.[O-]C(=O)C#CC12C3C4C2C2C1C3C42C#CC(=O)[O-].[O-]C(=O)c1cc2cc(N)c3c4c2c(c1)cc(c4c(c(c3)C(=O)[O-])C(=O)O)C(=O)O.[O-]C(=O)c1cc2ccc3c4c2c(c1)cc(c4c(c(c3N)C(=O)[O-])N)N.[O-]C(=O)c1cc2ccc3c4c2c(c1)ccc4c(c(c3N)C(=O)[O-])N MOFid-v1.acs.cat0,Al.BAELIPRACSQNAC.CXEWOTROVUIBGW.FZYVHUMZPXIYRV.JAIJCJGMHIEAOA.PUKPGKSOCAYJAM.VPNHZAKITSXAFU.MOFkey-v1.acs,['O[Al][O]([Al])[Al]'],"['[O-]C(=O)C#CC12C3C4C1C1(C2(C3C41C#CC(=O)[O-])C(=O)O)N', '[O-]C(=O)C#CC12C3C4C2C2(C1C3C42C#CC(=O)[O-])C(=O)O', '[O-]C(=O)C#CC12C3C4C2C2C1C3C42C#CC(=O)[O-]', '[O-]C(=O)c1cc2cc(N)c3c4c2c(c1)cc(c4c(c(c3)C(=O)[O-])C(=O)O)C(=O)O', '[O-]C(=O)c1cc2ccc3c4c2c(c1)cc(c4c(c(c3N)C(=O)[O-])N)N', '[O-]C(=O)c1cc2ccc3c4c2c(c1)ccc4c(c(c3N)C(=O)[O-])N']",O[Al][O]([Al])[Al].[O-]C(=O)C#CC12C3C4C1C1(C2(C3C41C#CC(=O)[O-])C(=O)O)N.[O-]C(=O)C#CC12C3C4C2C2(C1C3C42C#CC(=O)[O-])C(=O)O.[O-]C(=O)C#CC12C3C4C2C2C1C3C42C#CC(=O)[O-].[O-]C(=O)c1cc2cc(N)c3c4c2c(c1)cc(c4c(c(c3)C(=O)[O-])C(=O)O)C(=O)O.[O-]C(=O)c1cc2ccc3c4c2c(c1)cc(c4c(c(c3N)C(=O)[O-])N)N.[O-]C(=O)c1cc2ccc3c4c2c(c1)ccc4c(c(c3N)C(=O)[O-])N,acs,200,5.04928,7.33675,0.8817680138573809,3932.839759856416,P1,1,triclinic,1,False,BoydWoo,https://doi.org/10.24435/materialscloud:2018.0016/v3,PBE-D3BJ,"['Al 04Jan2001', 'H 15Jun2001', 'C 08Apr2002', 'N 08Apr2002', 'O 08Apr2002']",520,"[2, 2, 1]",True,False,-1432.62209957,-12.39565,-1420.22644957,0.0,1.298966,-0.528753,-0.977719,False,"[None, None]","[None, None]","[None, None]","[None, None]",,,,,,,,,,,,,,,,,,,,,,,,,,,,,,,,,,,,,,,,,,,,,,,,,,,,,,,0.84
qmof-ae3c113,boydwoo_str_m4_Al_o20_o25_acs_sym_268,Al6C72H17I3O40,Al6C72H17I3O40,O[Al][O]([Al])[Al].[O-]C(=O)C#CC#CC#CC(=O)[O-].[O-]C(=O)C#CC12C3C4C1(C(=O)O)C1C2(C3(C41C#CC(=O)[O-])C(=O)O)I.[O-]C(=O)C#CC12C3C4C1(I)C1(C2(C3(C41C#CC(=O)[O-])I)C(=O)O)C(=O)O.[O-]C(=O)C#CC12C3C4C1C1(C2C3(C41C#CC(=O)[O-])C(=O)O)C(=O)O MOFid-v1.acs.cat0,Al.IVHBREJLPGXBAS.LVGXPXTTXYOYBX.VERAGQHGZFGXFP.WQTFRHWCNZMJIS.MOFkey-v1.acs,['O[Al][O]([Al])[Al]'],"['[O-]C(=O)C#CC#CC#CC(=O)[O-]', '[O-]C(=O)C#CC12C3C4C1(C(=O)O)C1C2(C3(C41C#CC(=O)[O-])C(=O)O)I', '[O-]C(=O)C#CC12C3C4C1(I)C1(C2(C3(C41C#CC(=O)[O-])I)C(=O)O)C(=O)O', '[O-]C(=O)C#CC12C3C4C1C1(C2C3(C41C#CC(=O)[O-])C(=O)O)C(=O)O']",O[Al][O]([Al])[Al].[O-]C(=O)C#CC#CC#CC(=O)[O-].[O-]C(=O)C#CC12C3C4C1(C(=O)O)C1C2(C3(C41C#CC(=O)[O-])C(=O)O)I.[O-]C(=O)C#CC12C3C4C1(I)C1(C2(C3(C41C#CC(=O)[O-])I)C(=O)O)C(=O)O.[O-]C(=O)C#CC12C3C4C1C1(C2C3(C41C#CC(=O)[O-])C(=O)O)C(=O)O,acs,138,5.06737,7.50292,0.8851835562473616,3872.8197626846695,P1,1,triclinic,1,False,BoydWoo,https://doi.org/10.24435/materialscloud:2018.0016/v3,PBE-D3BJ,"['Al 04Jan2001', 'H 15Jun2001', 'C 08Apr2002', 'I 08Apr2002', 'O 08Apr2002']",520,"[2, 2, 1]",True,False,-1003.28307524,-8.40557,-994.87750524,0.0,1.520696,-2.009737,-2.680433,True,"[None, None]","[None, None]","[None, None]","[None, None]",,,,,,,,,,,,,,,,,,,,,,,,,,,,,,,,,,,,,,,,,,,,,,,,,,,,,,,0.76
qmof-513e1bb,boydwoo_str_m4_Al_o23_o25_acs_sym_220,Al6C84H69NO37S3,Al6C84H69NO37S3,O[Al][O]([Al])[Al].[O-]C(=O)C#CC12C3C4C1C1(C2(C3C41C#CC(=O)[O-])S(O)([O])[O])S(O)([O])[O].[O-]C(=O)C#CC12CCC(CC1)(C(C2)N)C#CC(=O)[O-].[O-]C(=O)C#CC12CCC(CC1)(C(C2)S([O])(O)[O])C#CC(=O)[O-].[O-]C(=O)C#CC12CCC(CC1)(CC2)C#CC(=O)[O-] MOFid-v1.acs.cat0,Al.BLKJQIZERQVMDY.GOOXBMRYAABKGY.PFIUHOXHCJMLIW.YPBOIMBFSBCSDJ.MOFkey-v1.acs,['O[Al][O]([Al])[Al]'],"['[O-]C(=O)C#CC12C3C4C1C1(C2(C3C41C#CC(=O)[O-])S(O)([O])[O])S(O)([O])[O]', '[O-]C(=O)C#CC12CCC(CC1)(C(C2)N)C#CC(=O)[O-]', '[O-]C(=O)C#CC12CCC(CC1)(C(C2)S([O])(O)[O])C#CC(=O)[O-]', '[O-]C(=O)C#CC12CCC(CC1)(CC2)C#CC(=O)[O-]']",O[Al][O]([Al])[Al].[O-]C(=O)C#CC12C3C4C1C1(C2(C3C41C#CC(=O)[O-])S(O)([O])[O])S(O)([O])[O].[O-]C(=O)C#CC12CCC(CC1)(C(C2)N)C#CC(=O)[O-].[O-]C(=O)C#CC12CCC(CC1)(C(C2)S([O])(O)[O])C#CC(=O)[O-].[O-]C(=O)C#CC12CCC(CC1)(CC2)C#CC(=O)[O-],acs,200,5.53537,7.71903,0.7497286503456503,4302.38686188193,P1,1,triclinic,1,False,BoydWoo,https://doi.org/10.24435/materialscloud:2018.0016/v3,PBE-D3BJ,"['Al 04Jan2001', 'H 15Jun2001', 'C 08Apr2002', 'S 06Sep2000', 'N 08Apr2002', 'O 08Apr2002']",520,"[2, 2, 1]",True,False,-1316.36680135,-11.11318,-1305.25362135,0.0,2.181574,-0.891491,-2.223065,False,"[None, None]","[None, None]","[None, None]","[None, None]",,,,,,,,,,,,,,,,,,,,,,,,,,,,,,,,,,,,,,,,,,,,,,,,,,,,,,,0.79
qmof-91692c9,boydwoo_str_m4_Al_o25_o25_acs_sym_129,Al6C84F30H8O28,Al3C42F15H4O14,O[Al][O]([Al])[Al].[O-]C(=O)C#CC12C3(F)C4C1(F)C1(C2(C3(C41C#CC(=O)[O-])F)F)F MOFid-v1.acs.cat0,Al.LGGQJOSOCZKKDJ.MOFkey-v1.acs,['O[Al][O]([Al])[Al]'],['[O-]C(=O)C#CC12C3(F)C4C1(F)C1(C2(C3(C41C#CC(=O)[O-])F)F)F'],O[Al][O]([Al])[Al].[O-]C(=O)C#CC12C3(F)C4C1(F)C1(C2(C3(C41C#CC(=O)[O-])F)F)F,acs,156,5.87622,8.25004,0.7876184369927453,4631.494401478137,P1,1,triclinic,1,False,BoydWoo,https://doi.org/10.24435/materialscloud:2018.0016/v3,PBE-D3BJ,"['Al 04Jan2001', 'H 15Jun2001', 'C 08Apr2002', 'O 08Apr2002', 'F 08Apr2002']",520,"[2, 2, 1]",True,False,-1096.58578498,-8.14388,-1088.44190498,0.0,2.62316,-1.054891,-2.828051,True,"[None, None]","[None, None]","[None, None]","[None, None]",,,,,,,,,,,,,,,,,,,,,,,,,,,,,,,,,,,,,,,,,,,,,,,,,,,,,,,0.75
qmof-7dfff4f,boydwoo_str_m4_Al_o2_o25_acs_sym_123,Al6C89Cl3H56N5O28,Al6C89Cl3H56N5O28,CNC12C3C4C1(C#CC(=O)[O-])C1C2(C3(C41)C#CC(=O)[O-])NC.CNc1cc(cc(c1c1ccc(cc1)C(=O)[O-])Cl)C(=O)[O-].CNc1cc(ccc1C(=O)[O-])c1ccc(cc1)C(=O)[O-].CNc1cc(ccc1c1ccc(cc1Cl)C(=O)[O-])C(=O)[O-].O[Al][O]([Al])[Al].[O-]C(=O)C#CC12C3C4C2C2(C1C3C42C#CC(=O)[O-])Cl.[O-]C(=O)C#CC12C3C4C2C2C1C3C42C#CC(=O)[O-] MOFid-v1.acs.cat0,Al.AKXMDFICCDZLDP.GWBIOKPBBMIGRC.PAKPSYDWGBXHGQ.QQXWCUUUYCHBTR.SQPHFWANALQRDI.VPNHZAKITSXAFU.MOFkey-v1.acs,['O[Al][O]([Al])[Al]'],"['CNC12C3C4C1(C#CC(=O)[O-])C1C2(C3(C41)C#CC(=O)[O-])NC', 'CNc1cc(cc(c1c1ccc(cc1)C(=O)[O-])Cl)C(=O)[O-]', 'CNc1cc(ccc1C(=O)[O-])c1ccc(cc1)C(=O)[O-]', 'CNc1cc(ccc1c1ccc(cc1Cl)C(=O)[O-])C(=O)[O-]', '[O-]C(=O)C#CC12C3C4C2C2(C1C3C42C#CC(=O)[O-])Cl', '[O-]C(=O)C#CC12C3C4C2C2C1C3C42C#CC(=O)[O-]']",CNC12C3C4C1(C#CC(=O)[O-])C1C2(C3(C41)C#CC(=O)[O-])NC.CNc1cc(cc(c1c1ccc(cc1)C(=O)[O-])Cl)C(=O)[O-].CNc1cc(ccc1C(=O)[O-])c1ccc(cc1)C(=O)[O-].CNc1cc(ccc1c1ccc(cc1Cl)C(=O)[O-])C(=O)[O-].O[Al][O]([Al])[Al].[O-]C(=O)C#CC12C3C4C2C2(C1C3C42C#CC(=O)[O-])Cl.[O-]C(=O)C#CC12C3C4C2C2C1C3C42C#CC(=O)[O-],acs,187,5.37936,8.00222,0.7823184058501849,4057.6690976249033,P1,1,triclinic,1,False,BoydWoo,https://doi.org/10.24435/materialscloud:2018.0016/v3,PBE-D3BJ,"['Al 04Jan2001', 'H 15Jun2001', 'C 08Apr2002', 'N 08Apr2002', 'Cl 06Sep2000', 'O 08Apr2002']",520,"[2, 2, 1]",True,False,-1280.85461161,-10.64003,-1270.21458161,0.0,2.554716,-0.565312,-2.270028,False,"[None, None]","[None, None]","[None, None]","[None, None]",,,,,,,,,,,,,,,,,,,,,,,,,,,,,,,,,,,,,,,,,,,,,,,,,,,,,,,0.77
qmof-929f022,boydwoo_str_m4_Al_o2_o6_acs_sym_135,Al6C82H46O36S2,Al3C41H23O18S,CCOc1cc(C#CC(=O)[O-])ccc1C#CC(=O)[O-].CCOc1cc(ccc1C(=O)[O-])c1ccc(cc1)C(=O)[O-].O[Al][O]([Al])[Al].[O-]C(=O)C#Cc1ccc(c(c1)S([O])(O)[O])C#CC(=O)[O-].[O-]C(=O)C#Cc1ccc(cc1)C#CC(=O)[O-].[O-]C(=O)c1ccc(cc1)c1ccc(cc1)C(=O)[O-].[O-]C(=O)c1ccc(cc1)c1ccc(cc1S([O])([O])O)C(=O)[O-] MOFid-v1.acs.cat0,Al.GBFBKMSPWRNDSX.GSUIZLLPVILLEU.IUCPZNVTXMASAX.MTXSEAANDIJZDO.NEQFBGHQPUXOFH.WDWYNVBBHLUJNL.MOFkey-v1.acs,['O[Al][O]([Al])[Al]'],"['CCOc1cc(C#CC(=O)[O-])ccc1C#CC(=O)[O-]', 'CCOc1cc(ccc1C(=O)[O-])c1ccc(cc1)C(=O)[O-]', '[O-]C(=O)C#Cc1ccc(c(c1)S([O])(O)[O])C#CC(=O)[O-]', '[O-]C(=O)C#Cc1ccc(cc1)C#CC(=O)[O-]', '[O-]C(=O)c1ccc(cc1)c1ccc(cc1)C(=O)[O-]', '[O-]C(=O)c1ccc(cc1)c1ccc(cc1S([O])([O])O)C(=O)[O-]']",CCOc1cc(C#CC(=O)[O-])ccc1C#CC(=O)[O-].CCOc1cc(ccc1C(=O)[O-])c1ccc(cc1)C(=O)[O-].O[Al][O]([Al])[Al].[O-]C(=O)C#Cc1ccc(c(c1)S([O])(O)[O])C#CC(=O)[O-].[O-]C(=O)C#Cc1ccc(cc1)C#CC(=O)[O-].[O-]C(=O)c1ccc(cc1)c1ccc(cc1)C(=O)[O-].[O-]C(=O)c1ccc(cc1)c1ccc(cc1S([O])([O])O)C(=O)[O-],acs,172,4.69323,6.86386,0.8313215576980466,3661.840669554608,P1,1,triclinic,1,False,BoydWoo,https://doi.org/10.24435/materialscloud:2018.0016/v3,PBE-D3BJ,"['Al 04Jan2001', 'H 15Jun2001', 'C 08Apr2002', 'S 06Sep2000', 'O 08Apr2002']",520,"[2, 2, 1]",True,False,-1208.31508621,-10.07361,-1198.24147621,0.0,2.241687,-0.863795,-2.255482,True,"[None, None]","[None, None]","[None, None]","[None, None]",,,,,,,,,,,,,,,,,,,,,,,,,,,,,,,,,,,,,,,,,,,,,,,,,,,,,,,0.77
qmof-dd2ad17,boydwoo_str_m5_Al_o11_o13_sra_sym_174,Al4C38H24O24,Al2C19H12O12,[Al].[O-]C(=O)C=CC(=CC(=O)[O-])C(=O)O.[O-]C(=O)c1ccc2c(c1)ccc(c2)C(=O)[O-].[OH] MOFid-v1.rna.cat0,Al.KJOVGYUGXHIVAY.RXOHFPCZGPKIRD.MOFkey-v1.rna,"['[Al]', '[OH]']","['[O-]C(=O)C=CC(=CC(=O)[O-])C(=O)O', '[O-]C(=O)c1ccc2c(c1)ccc(c2)C(=O)[O-]']",[Al].[O-]C(=O)C=CC(=CC(=O)[O-])C(=O)O.[O-]C(=O)c1ccc2c(c1)ccc(c2)C(=O)[O-].[OH],rna,90,6.41293,7.57145,0.9300049279912516,1736.4306321107429,P1,1,triclinic,1,False,BoydWoo,https://doi.org/10.24435/materialscloud:2018.0016/v3,PBE-D3BJ,"['Al 04Jan2001', 'H 15Jun2001', 'C 08Apr2002', 'O 08Apr2002']",520,"[3, 1, 1]",True,False,-636.8856463,-5.49513,-631.3905163,0.0,2.726296,-0.721194,-2.59749,True,"[None, None]","[None, None]","[None, None]","[None, None]",,,,,,,,,,,,,,,,,,,,,,,,,,,,,,,,,,,,,,,,,,,,,,,,,,,,,,,0.81
qmof-daa897c,boydwoo_str_m5_Al_o2_o11_sra_sym_11,Al4Br4C40H24O20,AlBrC10H6O5,Brc1cc(ccc1c1ccc(c(c1)Br)C(=O)[O-])C(=O)[O-].[Al].[O-]C(=O)C=CC=CC(=O)[O-].[OH] MOFid-v1.rna.cat0,Al.KLHDUOAGJVRLBU.TXXHDPDFNKHHGW.MOFkey-v1.rna,"['[Al]', '[OH]']","['Brc1cc(ccc1c1ccc(c(c1)Br)C(=O)[O-])C(=O)[O-]', '[O-]C(=O)C=CC=CC(=O)[O-]']",Brc1cc(ccc1c1ccc(c(c1)Br)C(=O)[O-])C(=O)[O-].[Al].[O-]C(=O)C=CC=CC(=O)[O-].[OH],rna,92,5.89526,6.96508,0.968447589064007,2146.9843912397246,Pc,7,monoclinic,m,False,BoydWoo,https://doi.org/10.24435/materialscloud:2018.0016/v3,PBE-D3BJ,"['Al 04Jan2001', 'H 15Jun2001', 'C 08Apr2002', 'Br 06Sep2000', 'O 08Apr2002']",520,"[4, 1, 1]",True,False,-632.76073652,-5.6046,-627.15613652,0.0,3.151015,-0.840445,-3.14146,False,"[None, None]","[None, None]","[None, None]","[None, None]",,,,,,,,,,,,,,,,,,,,,,,,,,,,,,,,,,,,,,,,,,,,,,,,,,,,,,,0.85
qmof-c1efe7d,boydwoo_str_m5_Al_o3_o13_sra_sym_52,Al4C64ClH41N2O20,Al4C64ClH41N2O20,[Al].[O-]C(=O)c1cc(Cl)c2c(c1)ccc(c2)C(=O)[O-].[O-]C(=O)c1cc(N)c2c(c1)ccc(c2)C(=O)[O-].[O-]C(=O)c1ccc(cc1)c1ccc(cc1)c1ccc(cc1)C(=O)[O-].[O-]C(=O)c1ccc(cc1)c1ccc(cc1)c1ccc(cc1N)C(=O)[O-].[OH] MOFid-v1.rna.cat0,Al.FZTIWOBQQYPTCJ.OUYNQAKHCLBZRB.VGGPMLVSFGZEPB.XGMNSOVAVAALPH.MOFkey-v1.rna,"['[Al]', '[OH]']","['[O-]C(=O)c1cc(Cl)c2c(c1)ccc(c2)C(=O)[O-]', '[O-]C(=O)c1cc(N)c2c(c1)ccc(c2)C(=O)[O-]', '[O-]C(=O)c1ccc(cc1)c1ccc(cc1)c1ccc(cc1)C(=O)[O-]', '[O-]C(=O)c1ccc(cc1)c1ccc(cc1)c1ccc(cc1N)C(=O)[O-]']",[Al].[O-]C(=O)c1cc(Cl)c2c(c1)ccc(c2)C(=O)[O-].[O-]C(=O)c1cc(N)c2c(c1)ccc(c2)C(=O)[O-].[O-]C(=O)c1ccc(cc1)c1ccc(cc1)c1ccc(cc1)C(=O)[O-].[O-]C(=O)c1ccc(cc1)c1ccc(cc1)c1ccc(cc1N)C(=O)[O-].[OH],rna,132,9.0495,9.66809,0.6584040579752848,3282.1948693849563,P1,1,triclinic,1,False,BoydWoo,https://doi.org/10.24435/materialscloud:2018.0016/v3,PBE-D3BJ,"['Al 04Jan2001', 'H 15Jun2001', 'C 08Apr2002', 'N 08Apr2002', 'Cl 06Sep2000', 'O 08Apr2002']",520,"[4, 1, 1]",True,False,-929.6340004,-7.56142,-922.0725804,0.0,2.976448,-0.616962,-2.74341,True,"[None, None]","[None, None]","[None, None]","[None, None]",,,,,,,,,,,,,,,,,,,,,,,,,,,,,,,,,,,,,,,,,,,,,,,,,,,,,,,0.82
qmof-fa46fe8,boydwoo_str_m5_Al_o3_o27_sra_sym_15,Al4C100Cl6H90N4O28,Al2C50Cl3H45N2O14,CCCOc1c(OCCC)c(c2cc(Cl)c(c(c2)Cl)C(=O)[O-])c(c(c1c1cc(Cl)c(c(c1)Cl)C(=O)[O-])OCCC)OCCC.CCCOc1cc(cc(c1C(=O)[O-])Cl)c1ccc(cc1)c1cc(Cl)c(c(c1)OCCC)C(=O)[O-].CCCOc1cc(ccc1C(=O)[O-])C1=N[N]C(=N[N]1)c1ccc(c(c1)OCCC)C(=O)[O-].[Al].[O-]C(=O)c1ccc(cc1)c1ccc(cc1)c1ccc(cc1)C(=O)[O-].[OH] MOFid-v1.rna.cat0,Al.FZTIWOBQQYPTCJ.NMJSJTKFUXFNOP.NSQRVAFFWNHZJW.VUICRRFAHWHUTM.MOFkey-v1.rna,"['[Al]', '[OH]']","['CCCOc1c(OCCC)c(c2cc(Cl)c(c(c2)Cl)C(=O)[O-])c(c(c1c1cc(Cl)c(c(c1)Cl)C(=O)[O-])OCCC)OCCC', 'CCCOc1cc(cc(c1C(=O)[O-])Cl)c1ccc(cc1)c1cc(Cl)c(c(c1)OCCC)C(=O)[O-]', 'CCCOc1cc(ccc1C(=O)[O-])C1=N[N]C(=N[N]1)c1ccc(c(c1)OCCC)C(=O)[O-]', '[O-]C(=O)c1ccc(cc1)c1ccc(cc1)c1ccc(cc1)C(=O)[O-]']",CCCOc1c(OCCC)c(c2cc(Cl)c(c(c2)Cl)C(=O)[O-])c(c(c1c1cc(Cl)c(c(c1)Cl)C(=O)[O-])OCCC)OCCC.CCCOc1cc(cc(c1C(=O)[O-])Cl)c1ccc(cc1)c1cc(Cl)c(c(c1)OCCC)C(=O)[O-].CCCOc1cc(ccc1C(=O)[O-])C1=N[N]C(=N[N]1)c1ccc(c(c1)OCCC)C(=O)[O-].[Al].[O-]C(=O)c1ccc(cc1)c1ccc(cc1)c1ccc(cc1)C(=O)[O-].[OH],rna,232,11.13642,11.79516,0.7287193778516807,4822.747055400452,P1,1,triclinic,1,False,BoydWoo,https://doi.org/10.24435/materialscloud:2018.0016/v3,PBE-D3BJ,"['Al 04Jan2001', 'H 15Jun2001', 'C 08Apr2002', 'N 08Apr2002', 'Cl 06Sep2000', 'O 08Apr2002']",520,"[4, 1, 1]",True,False,-1515.35700434,-13.46898,-1501.88802434,0.0,2.320966,-0.826438,-2.297404,False,"[None, None]","[None, None]","[None, None]","[None, None]",,,,,,,,,,,,,,,,,,,,,,,,,,,,,,,,,,,,,,,,,,,,,,,,,,,,,,,0.78
qmof-34451ee,boydwoo_str_m5_Al_o3_o27_sra_sym_19,Al4C76H44I4N4O20,AlC19H11INO5,Ic1cc(ccc1c1ccc(cc1)c1ccc(cc1I)C(=O)[O-])C(=O)[O-].[Al].[O-]C(=O)c1ccc(cc1)C1=N[N]C(=N[N]1)c1ccc(cc1)C(=O)[O-].[O-]C(=O)c1ccc(cc1)c1ccc(cc1)c1ccc(cc1)C(=O)[O-].[OH] MOFid-v1.rna.cat0,Al.FZTIWOBQQYPTCJ.JMKWXZYJHDBIGK.RYFVKTNONYVZPO.MOFkey-v1.rna,"['[Al]', '[OH]']","['Ic1cc(ccc1c1ccc(cc1)c1ccc(cc1I)C(=O)[O-])C(=O)[O-]', '[O-]C(=O)c1ccc(cc1)C1=N[N]C(=N[N]1)c1ccc(cc1)C(=O)[O-]', '[O-]C(=O)c1ccc(cc1)c1ccc(cc1)c1ccc(cc1)C(=O)[O-]']",Ic1cc(ccc1c1ccc(cc1)c1ccc(cc1I)C(=O)[O-])C(=O)[O-].[Al].[O-]C(=O)c1ccc(cc1)C1=N[N]C(=N[N]1)c1ccc(cc1)C(=O)[O-].[O-]C(=O)c1ccc(cc1)c1ccc(cc1)c1ccc(cc1)C(=O)[O-].[OH],rna,152,13.43947,13.93485,0.6634178696855901,4877.661807412592,P-1,2,triclinic,-1,False,BoydWoo,https://doi.org/10.24435/materialscloud:2018.0016/v3,PBE-D3BJ,"['Al 04Jan2001', 'H 15Jun2001', 'C 08Apr2002', 'I 08Apr2002', 'N 08Apr2002', 'O 08Apr2002']",520,"[4, 1, 1]",True,False,-1064.33464405,-9.01645,-1055.31819405,0.0,2.164785,-1.809698,-3.124483,False,"[None, None]","[None, None]","[None, None]","[None, None]",,,,,,,,,,,,,,,,,,,,,,,,,,,,,,,,,,,,,,,,,,,,,,,,,,,,,,,0.86
qmof-650d8e2,boydwoo_str_m5_Al_o3_o3_sra_sym_59,Al4Br16C80H36O20,AlBr4C20H9O5,Brc1cc(c(cc1c1ccc(c(c1)Br)C(=O)[O-])Br)c1ccc(c(c1)Br)C(=O)[O-].[Al].[OH] MOFid-v1.rna.cat0,Al.KKVJWXOJEORDSS.MOFkey-v1.rna,"['[Al]', '[OH]']",['Brc1cc(c(cc1c1ccc(c(c1)Br)C(=O)[O-])Br)c1ccc(c(c1)Br)C(=O)[O-]'],Brc1cc(c(cc1c1ccc(c(c1)Br)C(=O)[O-])Br)c1ccc(c(c1)Br)C(=O)[O-].[Al].[OH],rna,156,12.59601,12.97908,0.9042107431494144,4964.883023175482,Pnma,62,orthorhombic,mmm,False,BoydWoo,https://doi.org/10.24435/materialscloud:2018.0016/v3,PBE-D3BJ,"['Al 04Jan2001', 'H 15Jun2001', 'C 08Apr2002', 'Br 06Sep2000', 'O 08Apr2002']",520,"[4, 1, 1]",True,False,-1061.51169623,-11.29005,-1050.22164623,0.0,3.821752,-0.629209,-3.600961,True,"[None, None]","[None, None]","[None, None]","[None, None]",,,,,,,,,,,,,,,,,,,,,,,,,,,,,,,,,,,,,,,,,,,,,,,,,,,,,,,0.78
qmof-8700bb5,boydwoo_str_m5_Al_o5_o11_sra_sym_50,Al4C20Cl2H10O20,Al2C10ClH5O10,[Al].[O-]C(=O)C#CC(=O)[O-].[O-]C(=O)C=CC(=CC(=O)[O-])Cl.[OH] MOFid-v1.rna.cat0,Al.ICMVYBXQDUXEEE.YTIVTFGABIZHHX.MOFkey-v1.rna,"['[Al]', '[OH]']","['[O-]C(=O)C#CC(=O)[O-]', '[O-]C(=O)C=CC(=CC(=O)[O-])Cl']",[Al].[O-]C(=O)C#CC(=O)[O-].[O-]C(=O)C=CC(=CC(=O)[O-])Cl.[OH],rna,56,5.34734,5.63201,1.0213208058216416,1217.9643411847014,Pc,7,monoclinic,m,False,BoydWoo,https://doi.org/10.24435/materialscloud:2018.0016/v3,PBE-D3BJ,"['Al 04Jan2001', 'H 15Jun2001', 'C 08Apr2002', 'Cl 06Sep2000', 'O 08Apr2002']",520,"[4, 2, 1]",True,False,-392.70956854,-3.45722,-389.25234854,0.0,3.61607,-0.506857,-3.272927,False,"[None, None]","[None, None]","[None, None]","[None, None]",,,,,,,,,,,,,,,,,,,,,,,,,,,,,,,,,,,,,,,,,,,,,,,,,,,,,,,0.81
qmof-6fa1fe9,boydwoo_str_m5_Al_o6_o17_sra_sym_71,Al4Br4C64H32O24,AlBrC16H8O6,COc1cc(C#CC(=O)[O-])c(cc1C#CC(=O)[O-])OC.[Al].[O-]C(=O)c1cc2ccc3c4c2c(c1Br)ccc4cc(c3Br)C(=O)[O-].[OH] MOFid-v1.rna.cat0,Al.HIZJTDYPZKQBCN.QTBZENWQWVTCST.MOFkey-v1.rna,"['[Al]', '[OH]']","['COc1cc(C#CC(=O)[O-])c(cc1C#CC(=O)[O-])OC', '[O-]C(=O)c1cc2ccc3c4c2c(c1Br)ccc4cc(c3Br)C(=O)[O-]']",COc1cc(C#CC(=O)[O-])c(cc1C#CC(=O)[O-])OC.[Al].[O-]C(=O)c1cc2ccc3c4c2c(c1Br)ccc4cc(c3Br)C(=O)[O-].[OH],rna,128,9.26995,9.61165,0.8643821891536624,3097.661975927439,P2_1/c,14,monoclinic,2/m,False,BoydWoo,https://doi.org/10.24435/materialscloud:2018.0016/v3,PBE-D3BJ,"['Al 04Jan2001', 'H 15Jun2001', 'C 08Apr2002', 'Br 06Sep2000', 'O 08Apr2002']",520,"[4, 1, 1]",True,False,-900.61307689,-8.09848,-892.51459689,0.0,3.027148,-0.598771,-2.775919,False,"[None, None]","[None, None]","[None, None]","[None, None]",,,,,,,,,,,,,,,,,,,,,,,,,,,,,,,,,,,,,,,,,,,,,,,,,,,,,,,0.79
qmof-74ace65,boydwoo_str_m7_o11_o24_bcu_sym_11,Zn4C44Cl14F14H6N16,Zn2C22Cl7F7H3N8,FC1=C([C](N=N1)Cl)[C]([C](C(=C(C1=C(F)N=N[C]1Cl)F)Cl)Cl)F.F[C](C(=C(C1=C(Cl)[N]N=C1F)Cl)Cl)[C]([C]1C=NN=C1Cl)Cl.F[C]([C]([C](C1=C(Cl)[N]N=C1F)Cl)Cl)[C]([C]1C=NN=C1Cl)Cl.F[C]1N=NC(=C1C12C3C4C1C1(C2(C3C41C1=C(F)N=N[C]1F)F)F)F.[Zn] MOFid-v1.hex.cat0,Zn.FFAKFGBMJNYSIL.PCCCCQZDEFQVJX.RULCXHCXVGOXQH.MOFkey-v1.hex,['[Zn]'],"['FC1=C([C](N=N1)Cl)[C]([C](C(=C(C1=C(F)N=N[C]1Cl)F)Cl)Cl)F', 'F[C](C(=C(C1=C(Cl)[N]N=C1F)Cl)Cl)[C]([C]1C=NN=C1Cl)Cl', 'F[C]([C]([C](C1=C(Cl)[N]N=C1F)Cl)Cl)[C]([C]1C=NN=C1Cl)Cl', 'F[C]1N=NC(=C1C12C3C4C1C1(C2(C3C41C1=C(F)N=N[C]1F)F)F)F']",FC1=C([C](N=N1)Cl)[C]([C](C(=C(C1=C(F)N=N[C]1Cl)F)Cl)Cl)F.F[C](C(=C(C1=C(Cl)[N]N=C1F)Cl)Cl)[C]([C]1C=NN=C1Cl)Cl.F[C]([C]([C](C1=C(Cl)[N]N=C1F)Cl)Cl)[C]([C]1C=NN=C1Cl)Cl.F[C]1N=NC(=C1C12C3C4C1C1(C2(C3C41C1=C(F)N=N[C]1F)F)F)F.[Zn],hex,98,4.69722,6.60373,1.1290120125809968,2621.801920453936,P1,1,triclinic,1,False,BoydWoo,https://doi.org/10.24435/materialscloud:2018.0016/v3,PBE-D3BJ,"['Zn 06Sep2000', 'H 15Jun2001', 'C 08Apr2002', 'N 08Apr2002', 'Cl 06Sep2000', 'F 08Apr2002']",520,"[2, 2, 2]",False,False,-634.51983605,-7.29158,-627.22825605,0.0,3.308928,0.46774,-1.991188,False,"[None, None]","[None, None]","[None, None]","[None, None]",,,,,,,,,,,,,,,,,,,,,,,,,,,,,,,,,,,,,,,,,,,,,,,,,,,,,,,0.85
qmof-23d6b4a,core_BUSRUE_freeONLY,Cd4C152H80N16O32,CdC38H20N4O8,O=C1N(c2ccncc2)C(=O)c2c3c1ccc1c3c(cc2)C(=O)N(C1=O)c1ccncc1.[Cd].[O-]C(=O)c1ccc(cc1)c1ccc(cc1)C(=O)[O-] MOFid-v1.pcu.cat0,Cd.IBRPEOCBRYYINT.NEQFBGHQPUXOFH.MOFkey-v1.pcu,['[Cd]'],"['O=C1N(c2ccncc2)C(=O)c2c3c1ccc1c3c(cc2)C(=O)N(C1=O)c1ccncc1', '[O-]C(=O)c1ccc(cc1)c1ccc(cc1)C(=O)[O-]']",O=C1N(c2ccncc2)C(=O)c2c3c1ccc1c3c(cc2)C(=O)N(C1=O)c1ccncc1.[Cd].[O-]C(=O)c1ccc(cc1)c1ccc(cc1)C(=O)[O-],pcu,284,5.39958,6.87353,1.087474366836852,4721.376726709969,P2_1/c,14,monoclinic,2/m,True,CoRE,,PBE-D3BJ,"['Cd 06Sep2000', 'H 15Jun2001', 'C 08Apr2002', 'N 08Apr2002', 'O 08Apr2002']",520,"[2, 1, 1]",True,False,-2041.21695387,-20.39112,-2020.82583387,0.0,1.764615,-1.224299,-2.138914,False,"[None, None]","[None, None]","[None, None]","[None, None]",,,,,,,,,,,,,,,,,,,,,,,,,,,,,,,,,,,,,,,,,,,,,,,,,,,,,,,0.84
qmof-d2f5497,core_FUQJUX_freeONLY,Cu24C144H96N120O8,Cu3C18H12N15O,[Cu][O]([Cu])[Cu].n1ccc(cc1)C1=NN=N[N]1.n1ccc(cc1)C1=N[N]N=N1 MOFid-v1.hxg.cat0,Cu.QRUQDHYNSZYLCR.MOFkey-v1.hxg,['[Cu][O]([Cu])[Cu]'],"['n1ccc(cc1)C1=NN=N[N]1', 'n1ccc(cc1)C1=N[N]N=N1']",[Cu][O]([Cu])[Cu].n1ccc(cc1)C1=NN=N[N]1.n1ccc(cc1)C1=N[N]N=N1,hxg,392,8.61979,12.76908,0.6908037800746795,12403.991264070346,Fd-3c,228,cubic,m-3m,True,CoRE,,PBE-D3BJ,"['Cu 22Jun2005', 'H 15Jun2001', 'C 08Apr2002', 'N 08Apr2002', 'O 08Apr2002']",520,"[1, 1, 1]",True,True,-2759.15994024,-22.24797,-2736.9119702400003,16.0,1.6140599999999998,-1.026407,-1.790467,True,"[0.987471, 0.843977]","[-0.802996, -1.026407]","[-1.790467, -1.870384]","[True, True]",,,,,,,,,,,,,,,,,,,,,,,,,,,,,,,,,,,,,,,,,,,,,,,,,,,,,,,0.78
qmof-651a0e2,core_MUNPER_freeONLY,Zn4C96H48N8O24,ZnC24H12N2O6,O=C1N(c2ccncc2)C(=O)c2c3c1ccc1c3c(cc2)C(=O)N(C1=O)c1ccncc1.[O-]C(=O)c1ccc2c(c1)ccc(c2)C(=O)[O-].[Zn][Zn] MOFid-v1.pcu.cat1,Zn.IBRPEOCBRYYINT.RXOHFPCZGPKIRD.MOFkey-v1.pcu,['[Zn][Zn]'],"['O=C1N(c2ccncc2)C(=O)c2c3c1ccc1c3c(cc2)C(=O)N(C1=O)c1ccncc1', '[O-]C(=O)c1ccc2c(c1)ccc(c2)C(=O)[O-]']",O=C1N(c2ccncc2)C(=O)c2c3c1ccc1c3c(cc2)C(=O)N(C1=O)c1ccncc1.[O-]C(=O)c1ccc2c(c1)ccc(c2)C(=O)[O-].[Zn][Zn],pcu,180,5.5758,7.08026,0.910391966163112,3573.3341688006376,P2_1,4,monoclinic,2,True,CoRE,,PBE-D3BJ,"['Zn 06Sep2000', 'H 15Jun2001', 'C 08Apr2002', 'N 08Apr2002', 'O 08Apr2002']",520,"[2, 2, 1]",True,False,-1294.89522637,-11.69611,-1283.19911637,0.0,2.114733,-1.408117,-2.67285,False,"[None, None]","[None, None]","[None, None]","[None, None]",,,,,,,,,,,,,,,,,,,,,,,,,,,,,,,,,,,,,,,,,,,,,,,,,,,,,,,0.82
qmof-b028f18,core_NIJZIP01_freeONLY,Cu6Nd4C48H48O60,Cu3Nd2C24H24O30,,,"['[Cu]', '[Nd]']",['[O-]C(=O)COCC(=O)[O-]'],[Cu].[Nd].[O-]C(=O)COCC(=O)[O-],,166,7.14902,8.16695,1.484986368815278,2843.7442293196045,P6/mcc,192,hexagonal,6/mmm,True,CoRE,,PBE-D3BJ,"['Nd_3 06Sep2000', 'Cu 22Jun2005', 'H 15Jun2001', 'C 08Apr2002', 'O 08Apr2002']",520,"[1, 1, 1]",True,True,-1093.20792388,-9.82871,-1083.37921388,6.0,1.640279,-0.632727,-1.423006,True,"[3.494486, 1.836442]","[2.07148, -0.632727]","[-1.423006, -2.469169]","[True, True]",,,,,,,,,,,,,,,,,,,,,,,,,,,,,,,,,,,,,,,,,,,,,,,,,,,,,,,0.83
qmof-8ce7163,gmof_Al2O6-ADC_B-fum_B_No104,Al2C8H6O14,AlC4H3O7,OC(=C(C(=O)[O-])O)C(=O)[O-].[Al].[OH] MOFid-v1.rna.cat0,Al.BZCOSCNPHJNQBP.MOFkey-v1.rna,"['[Al]', '[OH]']",['OC(=C(C(=O)[O-])O)C(=O)[O-]'],OC(=C(C(=O)[O-])O)C(=O)[O-].[Al].[OH],rna,30,4.72846,5.16641,1.3343288850746566,473.0099470325959,C2/c,15,monoclinic,2/m,False,GMOF,https://figshare.com/s/ec378d7315581e48f1e4,PBE-D3BJ,"['Al 04Jan2001', 'H 15Jun2001', 'C 08Apr2002', 'O 08Apr2002']",520,"[3, 2, 2]",True,False,-209.60096979,-1.92284,-207.67812979,0.0,2.638882,0.621694,-1.167188,False,"[None, None]","[None, None]","[None, None]","[None, None]",,,,,,,,,,,,,,,,,,,,,,,,,,,,,,,,,,,,,,,,,,,,,,,,,,,,,,,0.81
qmof-cd9c899,gmof_Al2O6-AZO_B-fum_B_No78,Al2C18F4H8N2O10,AlC9F2H4NO5,FC(=C(C(=O)[O-])F)C(=O)[O-].[Al].[O-]C(=O)c1ccc(cc1F)[N][N]c1ccc(c(c1)F)C(=O)[O-].[OH] MOFid-v1.rna.cat0,Al.JUVWKFKXIVLAHQ.OKMNUCVIRKCGML.MOFkey-v1.rna,"['[Al]', '[OH]']","['FC(=C(C(=O)[O-])F)C(=O)[O-]', '[O-]C(=O)c1ccc(cc1F)[N][N]c1ccc(c(c1)F)C(=O)[O-]']",FC(=C(C(=O)[O-])F)C(=O)[O-].[Al].[O-]C(=O)c1ccc(cc1F)[N][N]c1ccc(c(c1)F)C(=O)[O-].[OH],rna,44,5.54822,6.35547,0.9422454917940783,955.56609105202,P-1,2,triclinic,-1,False,GMOF,https://figshare.com/s/ec378d7315581e48f1e4,PBE-D3BJ,"['Al 04Jan2001', 'H 15Jun2001', 'C 08Apr2002', 'N 08Apr2002', 'O 08Apr2002', 'F 08Apr2002']",520,"[4, 3, 1]",True,False,-310.7696765,-2.51849,-308.2511865,0.0,2.482501,-1.070923,-2.703424,False,"[None, None]","[None, None]","[None, None]","[None, None]",,,,,,,,,,,,,,,,,,,,,,,,,,,,,,,,,,,,,,,,,,,,,,,,,,,,,,,0.83
qmof-db5d1ed,gmof_Al2O6-AZO_B-irmof20_B_No263,Al2C22ClH11N2O12S2,Al2C22ClH11N2O12S2,[Al].[O-]C(=O)c1ccc(cc1O)[N][N]c1ccc(c(c1)O)C(=O)[O-].[O-]C(=O)c1sc2c(c1)sc(c2Cl)C(=O)[O-].[OH] MOFid-v1.rna.cat0,Al.KEJDQQZSVADTCK.KUNZMYAVFWDQKQ.MOFkey-v1.rna,"['[Al]', '[OH]']","['[O-]C(=O)c1ccc(cc1O)[N][N]c1ccc(c(c1)O)C(=O)[O-]', '[O-]C(=O)c1sc2c(c1)sc(c2Cl)C(=O)[O-]']",[Al].[O-]C(=O)c1ccc(cc1O)[N][N]c1ccc(c(c1)O)C(=O)[O-].[O-]C(=O)c1sc2c(c1)sc(c2Cl)C(=O)[O-].[OH],rna,52,9.24652,9.70936,0.7854596037747835,1371.785780227465,P1,1,triclinic,1,False,GMOF,https://figshare.com/s/ec378d7315581e48f1e4,PBE-D3BJ,"['Al 04Jan2001', 'H 15Jun2001', 'C 08Apr2002', 'S 06Sep2000', 'N 08Apr2002', 'Cl 06Sep2000', 'O 08Apr2002']",520,"[4, 2, 1]",True,False,-367.92457216,-3.30702,-364.61755216,0.0,2.366129,-1.113643,-2.629772,False,"[None, None]","[None, None]","[None, None]","[None, None]",,,,,,,,,,,,,,,,,,,,,,,,,,,,,,,,,,,,,,,,,,,,,,,,,,,,,,,0.83
qmof-912bab6,gmof_Al2O6-AZO_B-irmof7_B_No278,Al2C26Cl2H14N2O16S2,AlC13ClH7NO8S,[Al].[O-]C(=O)c1ccc(c2c1cc(c(c2)S([O])([O])O)S(O)([O])[O])C(=O)[O-].[O-]C(=O)c1ccc(cc1Cl)[N][N]c1ccc(c(c1)Cl)C(=O)[O-].[OH] MOFid-v1.rna.cat0,Al.HVAXBDJRMAWFGN.WQWVCZLDVCFVFX.MOFkey-v1.rna,"['[Al]', '[OH]']","['[O-]C(=O)c1ccc(c2c1cc(c(c2)S([O])([O])O)S(O)([O])[O])C(=O)[O-]', '[O-]C(=O)c1ccc(cc1Cl)[N][N]c1ccc(c(c1)Cl)C(=O)[O-]']",[Al].[O-]C(=O)c1ccc(c2c1cc(c(c2)S([O])([O])O)S(O)([O])[O])C(=O)[O-].[O-]C(=O)c1ccc(cc1Cl)[N][N]c1ccc(c(c1)Cl)C(=O)[O-].[OH],rna,64,6.35372,7.44739,1.1085129951752029,1197.479907935199,P1,1,triclinic,1,False,GMOF,https://figshare.com/s/ec378d7315581e48f1e4,PBE-D3BJ,"['Al 04Jan2001', 'H 15Jun2001', 'C 08Apr2002', 'S 06Sep2000', 'N 08Apr2002', 'Cl 06Sep2000', 'O 08Apr2002']",520,"[4, 2, 1]",True,False,-443.76100767,-4.71698,-439.0440276700001,0.0,2.6233410000000004,-0.310018,-2.083359,False,"[None, None]","[None, None]","[None, None]","[None, None]",,,,,,,,,,,,,,,,,,,,,,,,,,,,,,,,,,,,,,,,,,,,,,,,,,,,,,,0.84
qmof-150e43b,gmof_Al2O6-AZO_B-irmof7_B_No569,Al2C26F2H16N4O10,AlC13FH8N2O5,[Al].[O-]C(=O)c1c(F)c(F)c(c2c1cccc2)C(=O)[O-].[O-]C(=O)c1ccc(cc1N)[N][N]c1ccc(c(c1)N)C(=O)[O-].[OH] MOFid-v1.rna.cat0,Al.ZICKEWBIWMUTLW.ZUEAPRHMKWZIKN.MOFkey-v1.rna,"['[Al]', '[OH]']","['[O-]C(=O)c1c(F)c(F)c(c2c1cccc2)C(=O)[O-]', '[O-]C(=O)c1ccc(cc1N)[N][N]c1ccc(c(c1)N)C(=O)[O-]']",[Al].[O-]C(=O)c1c(F)c(F)c(c2c1cccc2)C(=O)[O-].[O-]C(=O)c1ccc(cc1N)[N][N]c1ccc(c(c1)N)C(=O)[O-].[OH],rna,60,7.66058,8.04643,0.8936762894053287,1182.4680816756395,P1,1,triclinic,1,False,GMOF,https://figshare.com/s/ec378d7315581e48f1e4,PBE-D3BJ,"['Al 04Jan2001', 'H 15Jun2001', 'C 08Apr2002', 'N 08Apr2002', 'O 08Apr2002', 'F 08Apr2002']",520,"[4, 2, 1]",True,False,-423.89798222,-3.70997,-420.18801222,0.0,2.446213,-0.586656,-2.182869,False,"[None, None]","[None, None]","[None, None]","[None, None]",,,,,,,,,,,,,,,,,,,,,,,,,,,,,,,,,,,,,,,,,,,,,,,,,,,,,,,0.78
qmof-fea5997,gmof_Al2O6-BDC_B-irmof8_B_No12,Al2C20H12O11,Al2C20H12O11,[Al].[O-]C(=O)c1ccc(c(c1)O)C(=O)[O-].[O-]C(=O)c1ccc2c(c1)ccc(c2)C(=O)[O-].[OH] MOFid-v1.rna.cat0,Al.CDOWNLMZVKJRSC.RXOHFPCZGPKIRD.MOFkey-v1.rna,"['[Al]', '[OH]']","['[O-]C(=O)c1ccc(c(c1)O)C(=O)[O-]', '[O-]C(=O)c1ccc2c(c1)ccc(c2)C(=O)[O-]']",[Al].[O-]C(=O)c1ccc(c(c1)O)C(=O)[O-].[O-]C(=O)c1ccc2c(c1)ccc(c2)C(=O)[O-].[OH],rna,45,5.66136,7.4071,0.9261287889883558,864.6973723695559,P1,1,triclinic,1,False,GMOF,https://figshare.com/s/ec378d7315581e48f1e4,PBE-D3BJ,"['Al 04Jan2001', 'H 15Jun2001', 'C 08Apr2002', 'O 08Apr2002']",520,"[4, 2, 2]",False,False,-321.77276503,-2.75598,-319.01678503,0.0,3.38037,-0.070632,-2.601002,False,"[None, None]","[None, None]","[None, None]","[None, None]",,,,,,,,,,,,,,,,,,,,,,,,,,,,,,,,,,,,,,,,,,,,,,,,,,,,,,,0.83
qmof-369e546,gmof_Al2O6-DPAC_B-irmof10_B_No236,Al2C30F2H16O12,AlC15FH8O6,[Al].[O-]C(=O)c1ccc(cc1F)C#Cc1ccc(c(c1)F)C(=O)[O-].[O-]C(=O)c1ccc(cc1O)c1ccc(c(c1)O)C(=O)[O-].[OH] MOFid-v1.rna.cat0,Al.HVMTVUVEDJACFQ.OEPPONMPYKMNIL.MOFkey-v1.rna,"['[Al]', '[OH]']","['[O-]C(=O)c1ccc(cc1F)C#Cc1ccc(c(c1)F)C(=O)[O-]', '[O-]C(=O)c1ccc(cc1O)c1ccc(c(c1)O)C(=O)[O-]']",[Al].[O-]C(=O)c1ccc(cc1F)C#Cc1ccc(c(c1)F)C(=O)[O-].[O-]C(=O)c1ccc(cc1O)c1ccc(c(c1)O)C(=O)[O-].[OH],rna,62,11.84187,12.1076,0.6276810386018201,1747.099456105075,P-1,2,triclinic,-1,False,GMOF,https://figshare.com/s/ec378d7315581e48f1e4,PBE-D3BJ,"['Al 04Jan2001', 'H 15Jun2001', 'C 08Apr2002', 'O 08Apr2002', 'F 08Apr2002']",520,"[4, 2, 1]",True,False,-440.0120561,-3.49229,-436.5197661,0.0,2.692755,-1.518783,-3.361538,False,"[None, None]","[None, None]","[None, None]","[None, None]",,,,,,,,,,,,,,,,,,,,,,,,,,,,,,,,,,,,,,,,,,,,,,,,,,,,,,,0.78
qmof-bd617d9,gmof_Al2O6-DPAC_B-irmof7_B_No179,Al2C28H15O16S2,Al2C28H15O16S2,[Al].[O-]C(=O)c1ccc(c2c1cc(c(c2)S([O])([O])[O])S([O])([O])O)C(=O)[O-].[O-]C(=O)c1ccc(cc1)C#Cc1ccc(cc1)C(=O)[O-].[OH] MOFid-v1.rna.cat0,Al.ARBAMECCCQZCSR.FOWQUSQDOYWKME.MOFkey-v1.rna,"['[Al]', '[OH]']","['[O-]C(=O)c1ccc(c2c1cc(c(c2)S([O])([O])[O])S([O])([O])O)C(=O)[O-]', '[O-]C(=O)c1ccc(cc1)C#Cc1ccc(cc1)C(=O)[O-]']",[Al].[O-]C(=O)c1ccc(c2c1cc(c(c2)S([O])([O])[O])S([O])([O])O)C(=O)[O-].[O-]C(=O)c1ccc(cc1)C#Cc1ccc(cc1)C(=O)[O-].[OH],rna,63,7.0509,7.77478,0.9940310226566632,1211.9588631390889,P1,1,triclinic,1,False,GMOF,https://figshare.com/s/ec378d7315581e48f1e4,PBE-D3BJ,"['Al 04Jan2001', 'H 15Jun2001', 'C 08Apr2002', 'S 06Sep2000', 'O 08Apr2002']",520,"[4, 2, 1]",True,False,-442.94720758,-4.5096,-438.43760758,0.0,3.339378,-0.229129,-2.718507,False,"[None, None]","[None, None]","[None, None]","[None, None]",,,,,,,,,,,,,,,,,,,,,,,,,,,,,,,,,,,,,,,,,,,,,,,,,,,,,,,0.76
qmof-2482f7f,gmof_AlO6-ADC_A_No3,Al2Br6C48H24O12,AlBr3C24H12O6,BrC(=C(c1ccc(cc1)C(=O)[O-])Br)c1ccc(cc1)C(=O)[O-].[Al] MOFid-v1.ttp.cat0,Al.YPEHCXZUKZUOEI.MOFkey-v1.ttp,['[Al]'],['BrC(=C(c1ccc(cc1)C(=O)[O-])Br)c1ccc(cc1)C(=O)[O-]'],BrC(=C(c1ccc(cc1)C(=O)[O-])Br)c1ccc(cc1)C(=O)[O-].[Al],ttp,92,20.36694,20.70019,0.7571127518869182,2908.4364830433324,P6,168,hexagonal,6,False,GMOF,https://figshare.com/s/ec378d7315581e48f1e4,PBE-D3BJ,"['Al 04Jan2001', 'H 15Jun2001', 'C 08Apr2002', 'Br 06Sep2000', 'O 08Apr2002']",520,"[7, 1, 1]",True,False,-633.48929233,-7.30825,-626.18104233,0.0,2.711222,-1.285886,-3.147108,False,"[None, None]","[None, None]","[None, None]","[None, None]",,,,,,,,,,,,,,,,,,,,,,,,,,,,,,,,,,,,,,,,,,,,,,,,,,,,,,,0.77
qmof-880a9d7,gmof_AlO6-ADC_A_No30,Al2C48H30O36,AlC24H15O18,[Al].[O-]C(=O)c1c(O)c(O)c(c(c1O)O)C=Cc1c(O)c(O)c(c(c1O)O)C(=O)[O-] MOFid-v1.ttp.cat0,Al.IQKRTKRJNWIMBZ.MOFkey-v1.ttp,['[Al]'],['[O-]C(=O)c1c(O)c(O)c(c(c1O)O)C=Cc1c(O)c(O)c(c(c1O)O)C(=O)[O-]'],[Al].[O-]C(=O)c1c(O)c(O)c(c(c1O)O)C=Cc1c(O)c(O)c(c(c1O)O)C(=O)[O-],ttp,116,21.29342,21.60169,0.72704534518557,2824.552160041724,P6,168,hexagonal,6,False,GMOF,https://figshare.com/s/ec378d7315581e48f1e4,PBE-D3BJ,"['Al 04Jan2001', 'H 15Jun2001', 'C 08Apr2002', 'O 08Apr2002']",520,"[7, 1, 1]",True,False,-810.17598868,-8.40746,-801.76852868,0.0,1.596845,-1.368186,-2.115031,True,"[None, None]","[None, None]","[None, None]","[None, None]",,,,,,,,,,,,,,,,,,,,,,,,,,,,,,,,,,,,,,,,,,,,,,,,,,,,,,,0.83
qmof-52ef7e9,gmof_AlO6-AZO_A_No1,Al2C42H24N6O12,AlC21H12N3O6,[Al].[O-]C(=O)c1ccc(cc1)[N][N]c1ccc(cc1)C(=O)[O-] MOFid-v1.ttp.cat0,Al.NWHZQELJCLSKNV.MOFkey-v1.ttp,['[Al]'],['[O-]C(=O)c1ccc(cc1)[N][N]c1ccc(cc1)C(=O)[O-]'],[Al].[O-]C(=O)c1ccc(cc1)[N][N]c1ccc(cc1)C(=O)[O-],ttp,86,21.59048,21.92166,0.5314525508511659,2682.833456115084,P6,168,hexagonal,6,False,GMOF,https://figshare.com/s/ec378d7315581e48f1e4,PBE-D3BJ,"['Al 04Jan2001', 'H 15Jun2001', 'C 08Apr2002', 'N 08Apr2002', 'O 08Apr2002']",520,"[7, 1, 1]",True,False,-616.12583225,-5.74748,-610.37835225,0.0,2.4616129999999994,-1.879312,-3.490925,False,"[None, None]","[None, None]","[None, None]","[None, None]",,,,,,,,,,,,,,,,,,,,,,,,,,,,,,,,,,,,,,,,,,,,,,,,,,,,,,,0.75
qmof-31812e1,gmof_AlO6-AZO_A_No10,Al2C54H24N6O36,AlC27H12N3O18,OC(=O)c1c(C(=O)O)c([N][N]c2cc(C(=O)O)c(c(c2)C(=O)O)C(=O)[O-])ccc1C(=O)[O-].[Al] MOFid-v1.ttp.cat0,Al.FGTATMATWNWURQ.MOFkey-v1.ttp,['[Al]'],['OC(=O)c1c(C(=O)O)c([N][N]c2cc(C(=O)O)c(c(c2)C(=O)O)C(=O)[O-])ccc1C(=O)[O-]'],OC(=O)c1c(C(=O)O)c([N][N]c2cc(C(=O)O)c(c(c2)C(=O)O)C(=O)[O-])ccc1C(=O)[O-].[Al],ttp,122,17.90905,18.32261,0.8054926997734703,2858.8125168945776,P3,143,trigonal,3,False,GMOF,https://figshare.com/s/ec378d7315581e48f1e4,PBE-D3BJ,"['Al 04Jan2001', 'H 15Jun2001', 'C 08Apr2002', 'N 08Apr2002', 'O 08Apr2002']",520,"[7, 1, 1]",True,False,-888.93091895,-8.94144,-879.9894789499999,0.0,2.375446,-2.517772,-4.043218,True,"[None, None]","[None, None]","[None, None]","[None, None]",,,,,,,,,,,,,,,,,,,,,,,,,,,,,,,,,,,,,,,,,,,,,,,,,,,,,,,0.83
qmof-1281756,gmof_AlO6-mof177-N_No15,AlC21H6N7O18,AlC21H6N7O18,[Al].[O-]C(=O)c1c(cc(cc1N(=O)=O)N(c1cc(N(=O)=O)c(c(c1)N(=O)=O)C(=O)[O-])c1cc(N(=O)=O)c(c(c1)N(=O)=O)C(=O)[O-])N(=O)=O MOFid-v1.tsg.cat0,Al.LEGHIMNCELIPII.MOFkey-v1.tsg,['[Al]'],['[O-]C(=O)c1c(cc(cc1N(=O)=O)N(c1cc(N(=O)=O)c(c(c1)N(=O)=O)C(=O)[O-])c1cc(N(=O)=O)c(c(c1)N(=O)=O)C(=O)[O-])N(=O)=O'],[Al].[O-]C(=O)c1c(cc(cc1N(=O)=O)N(c1cc(N(=O)=O)c(c(c1)N(=O)=O)C(=O)[O-])c1cc(N(=O)=O)c(c(c1)N(=O)=O)C(=O)[O-])N(=O)=O,tsg,53,5.31884,6.25622,1.616001775722843,689.7908475278546,P312,149,trigonal,32,False,GMOF,https://figshare.com/s/ec378d7315581e48f1e4,PBE-D3BJ,"['Al 04Jan2001', 'H 15Jun2001', 'C 08Apr2002', 'N 08Apr2002', 'O 08Apr2002']",520,"[5, 1, 1]",True,False,-384.83741162,-4.64241,-380.19500162,0.0,2.312789,0.767314,-0.695475,True,"[None, None]","[None, None]","[None, None]","[None, None]",,,,,,,,,,,,,,,,,,,,,,,,,,,,,,,,,,,,,,,,,,,,,,,,,,,,,,,0.76
qmof-049a1ce,gmof_AlO6-mof177_No11,AlC33H15O18,AlC33H15O18,OC(=O)c1cc(cc(c1C(=O)[O-])C(=O)O)c1cc(cc(c1)c1cc(C(=O)O)c(c(c1)C(=O)O)C(=O)[O-])c1cc(C(=O)O)c(c(c1)C(=O)O)C(=O)[O-].[Al] MOFid-v1.tsg.cat0,Al.HKEDKTUMXCIZCH.MOFkey-v1.tsg,['[Al]'],['OC(=O)c1cc(cc(c1C(=O)[O-])C(=O)O)c1cc(cc(c1)c1cc(C(=O)O)c(c(c1)C(=O)O)C(=O)[O-])c1cc(C(=O)O)c(c(c1)C(=O)O)C(=O)[O-]'],OC(=O)c1cc(cc(c1C(=O)[O-])C(=O)O)c1cc(cc(c1)c1cc(C(=O)O)c(c(c1)C(=O)O)C(=O)[O-])c1cc(C(=O)O)c(c(c1)C(=O)O)C(=O)[O-].[Al],tsg,67,6.16235,6.88344,1.2630077392829768,955.0906472559124,C2,5,monoclinic,2,False,GMOF,https://figshare.com/s/ec378d7315581e48f1e4,PBE-D3BJ,"['Al 04Jan2001', 'H 15Jun2001', 'C 08Apr2002', 'O 08Apr2002']",520,"[5, 1, 1]",True,False,-487.41420058,-5.25229,-482.16191058,0.0,3.3389070000000003,0.454432,-2.034475,False,"[None, None]","[None, None]","[None, None]","[None, None]",,,,,,,,,,,,,,,,,,,,,,,,,,,,,,,,,,,,,,,,,,,,,,,,,,,,,,,0.77
qmof-2b10e5e,gmof_AlO6-mof180_No3,AlC36H21O6,AlC36H21O6,,,['[Al]'],['[O-]C(=O)c1ccc(cc1)C#Cc1c(C)c(C#Cc2ccc(cc2)C(=O)[O-])c(c(c1C)C#Cc1ccc(cc1)C(=O)[O-])C'],[Al].[O-]C(=O)c1ccc(cc1)C#Cc1c(C)c(C#Cc2ccc(cc2)C(=O)[O-])c(c(c1C)C#Cc1ccc(cc1)C(=O)[O-])C,,64,14.4056,14.56947,0.667219836379691,1434.8350188028005,P1,1,triclinic,1,False,GMOF,https://figshare.com/s/ec378d7315581e48f1e4,PBE-D3BJ,"['Al 04Jan2001', 'H 15Jun2001', 'C 08Apr2002', 'O 08Apr2002']",520,"[7, 1, 1]",True,False,-450.91568366,-4.29735,-446.61833366,0.0,2.969228,-0.457076,-2.576304,False,"[None, None]","[None, None]","[None, None]","[None, None]",,,,,,,,,,,,,,,,,,,,,,,,,,,,,,,,,,,,,,,,,,,,,,,,,,,,,,,0.84
qmof-fbf9a0d,gmof_Zn2O8-ADC_A-irmof7_A_No261,Zn4C60F4H36O16,ZnC15FH9O4,,,"['[Zn]', '[Zn][Zn]']","['CC(=C(c1ccc(cc1)C(=O)[O-])C)c1ccc(cc1)C(=O)[O-]', '[O-]C(=O)c1ccc(c2c1cc(F)c(c2)F)C(=O)[O-]']",CC(=C(c1ccc(cc1)C(=O)[O-])C)c1ccc(cc1)C(=O)[O-].[O-]C(=O)c1ccc(c2c1cc(F)c(c2)F)C(=O)[O-].[Zn].[Zn][Zn],,120,6.67143,7.02099,1.020447496677603,2197.7000072897213,P1,1,triclinic,1,False,GMOF,https://figshare.com/s/ec378d7315581e48f1e4,PBE-D3BJ,"['Zn 06Sep2000', 'H 15Jun2001', 'C 08Apr2002', 'O 08Apr2002', 'F 08Apr2002']",520,"[3, 2, 1]",True,False,-813.88857802,-7.58718,-806.30139802,0.0,3.357214,0.178546,-2.328668,False,"[None, None]","[None, None]","[None, None]","[None, None]",,,,,,,,,,,,,,,,,,,,,,,,,,,,,,,,,,,,,,,,,,,,,,,,,,,,,,,0.76
qmof-58f416c,gmof_Zn4O13-BDC_A-irmof20_A_No590,Zn16Br8C96H24O64S20,Zn4Br2C24H6O16S5,[O-]C(=O)c1ccc(c(c1)S(O)([O])[O])C(=O)[O-].[O-]C(=O)c1ccc(c(c1)S([O])(O)[O])C(=O)[O-].[O-]C(=O)c1sc2c(c1)sc(c2Br)C(=O)[O-].[Zn][O]([Zn])([Zn])[Zn] MOFid-v1.pcu.cat0,Zn.QAZOBIKUQOSZOB.QJEJXTIERNMMOR.MOFkey-v1.pcu,['[Zn][O]([Zn])([Zn])[Zn]'],"['[O-]C(=O)c1ccc(c(c1)S(O)([O])[O])C(=O)[O-]', '[O-]C(=O)c1ccc(c(c1)S([O])(O)[O])C(=O)[O-]', '[O-]C(=O)c1sc2c(c1)sc(c2Br)C(=O)[O-]']",[O-]C(=O)c1ccc(c(c1)S(O)([O])[O])C(=O)[O-].[O-]C(=O)c1ccc(c(c1)S([O])(O)[O])C(=O)[O-].[O-]C(=O)c1sc2c(c1)sc(c2Br)C(=O)[O-].[Zn][O]([Zn])([Zn])[Zn],pcu,228,8.04689,16.20204,0.6672867485675352,11268.536270145672,P1,1,triclinic,1,False,GMOF,https://figshare.com/s/ec378d7315581e48f1e4,PBE-D3BJ,"['Zn 06Sep2000', 'H 15Jun2001', 'C 08Apr2002', 'S 06Sep2000', 'Br 06Sep2000', 'O 08Apr2002']",520,"[1, 1, 1]",True,False,-1531.17911316,-14.44595,-1516.73316316,0.0,3.010501,-2.041538,-4.202039,True,"[None, None]","[None, None]","[None, None]","[None, None]",,,,,,,,,,,,,,,,,,,,,,,,,,,,,,,,,,,,,,,,,,,,,,,,,,,,,,,0.76
qmof-e5121a9,gmof_ZnN4-SiF6-ADC_No1,ZnC24F6H20N4Si,ZnC24F6H20N4Si,[Zn].n1ccc(cc1)C=Cc1ccncc1 MOFid-v1.sql.cat0,Zn.MGFJDEHFNMWYBD.MOFkey-v1.sql,['[Zn]'],['n1ccc(cc1)C=Cc1ccncc1'],[Zn].n1ccc(cc1)C=Cc1ccncc1,sql,56,10.35679,11.56374,0.6470314543939326,1467.7920993454468,C2/m,12,monoclinic,2/m,False,GMOF,https://figshare.com/s/ec378d7315581e48f1e4,PBE-D3BJ,"['Zn 06Sep2000', 'Si 05Jan2001', 'H 15Jun2001', 'C 08Apr2002', 'N 08Apr2002', 'F 08Apr2002']",520,"[3, 2, 2]",True,False,-365.37656999,-2.96352,-362.41304999,0.0,3.07928,-1.504563,-3.733843,False,"[None, None]","[None, None]","[None, None]","[None, None]",,,,,,,,,,,,,,,,,,,,,,,,,,,,,,,,,,,,,,,,,,,,,,,,,,,,,,,0.75
qmof-2fe05e8,gmof_ZnN4-SiF6-ADC_No11,ZnC24F6H16N8O8Si,ZnC24F6H16N8O8Si,O=N(=O)C(=C(c1ccncc1)N(=O)=O)c1ccncc1.[Zn] MOFid-v1.sql.cat0,Zn.ARZOQIOSPZEJJH.MOFkey-v1.sql,['[Zn]'],['O=N(=O)C(=C(c1ccncc1)N(=O)=O)c1ccncc1'],O=N(=O)C(=C(c1ccncc1)N(=O)=O)c1ccncc1.[Zn],sql,64,8.39684,9.10542,0.8823356195741132,1415.0947261052302,C2,5,monoclinic,2,False,GMOF,https://figshare.com/s/ec378d7315581e48f1e4,PBE-D3BJ,"['Zn 06Sep2000', 'Si 05Jan2001', 'H 15Jun2001', 'C 08Apr2002', 'N 08Apr2002', 'O 08Apr2002', 'F 08Apr2002']",520,"[3, 2, 2]",True,False,-425.60725135,-3.80168,-421.80557135,0.0,2.661898,-1.652694,-3.464592,False,"[None, None]","[None, None]","[None, None]","[None, None]",,,,,,,,,,,,,,,,,,,,,,,,,,,,,,,,,,,,,,,,,,,,,,,,,,,,,,,0.83
qmof-9f8e842,mof74_227_all_conf_0_0,Mg6C36H12O18,MgC6H2O3,,,['[Mg]'],['[O-]C(=O)c1cc2cc([O])c(cc2cc1[O])C(=O)[O-]'],[Mg].[O-]C(=O)c1cc2cc([O])c(cc2cc1[O])C(=O)[O-],,72,15.33609,15.93259,0.6554809098012712,2225.009010963343,R-3,148,trigonal,-3,False,Haranczyk_MOF74,https://doi.org/10.1039/C6SC01477A,PBE-D3BJ,"['Mg 13Apr2007', 'H 15Jun2001', 'C 08Apr2002', 'O 08Apr2002']",520,"[4, 1, 1]",True,False,-528.50397694,-5.06818,-523.43579694,0.0,2.619352,-1.078054,-2.847406,False,"[None, None]","[None, None]","[None, None]","[None, None]",,,,,,,,,,,,,,,,,,,,,,,,,,,,,,,,,,,,,,,,,,,,,,,,,,,,,,,0.75
qmof-c3ab250,tobacco_SR_scu_v1-8c_Hf_1_Ch_v2-4c_B_Ch_1B_4Br_Ch_2x2x2,Hf6Br32C68H20O32,Hf3Br16C34H10O16,O[Hf]123([OH2])[OH]4[Hf]56[O]3[Hf]37([OH]2[Hf]28[O]1[Hf]14([O]6[Hf]([OH]53)([OH]21)([O]78)([OH2])O)([OH2])O)([OH2])O.[O-]C(=O)c1c(Br)c(Br)c(c(c1Br)Br)c1cc(c(cc1c1c(Br)c(Br)c(c(c1Br)Br)C(=O)[O-])c1c(Br)c(Br)c(c(c1Br)Br)C(=O)[O-])c1c(Br)c(Br)c(c(c1Br)Br)C(=O)[O-] MOFid-v1.scu.cat0,Hf.TZDWDZFAVFMCEY.MOFkey-v1.scu,['O[Hf]123([OH2])[OH]4[Hf]56[O]3[Hf]37([OH]2[Hf]28[O]1[Hf]14([O]6[Hf]([OH]53)([OH]21)([O]78)([OH2])O)([OH2])O)([OH2])O'],['[O-]C(=O)c1c(Br)c(Br)c(c(c1Br)Br)c1cc(c(cc1c1c(Br)c(Br)c(c(c1Br)Br)C(=O)[O-])c1c(Br)c(Br)c(c(c1Br)Br)C(=O)[O-])c1c(Br)c(Br)c(c(c1Br)Br)C(=O)[O-]'],O[Hf]123([OH2])[OH]4[Hf]56[O]3[Hf]37([OH]2[Hf]28[O]1[Hf]14([O]6[Hf]([OH]53)([OH]21)([O]78)([OH2])O)([OH2])O)([OH2])O.[O-]C(=O)c1c(Br)c(Br)c(c(c1Br)Br)c1cc(c(cc1c1c(Br)c(Br)c(c(c1Br)Br)C(=O)[O-])c1c(Br)c(Br)c(c(c1Br)Br)C(=O)[O-])c1c(Br)c(Br)c(c(c1Br)Br)C(=O)[O-],scu,158,8.83539,11.517,1.7468796033683511,4730.75717856486,P1,1,triclinic,1,False,Anderson,https://doi.org/10.17605/OSF.IO/7DGVY,PBE-D3BJ,"['Hf_pv 06Sep2000', 'H 15Jun2001', 'C 08Apr2002', 'Br 06Sep2000', 'O 08Apr2002']",520,"[2, 1, 1]",True,False,-1063.31128983,-15.73587,-1047.57541983,0.0,2.54658,-0.793452,-2.490032,False,"[None, None]","[None, None]","[None, None]","[None, None]",,,,,,,,,,,,,,,,,,,,,,,,,,,,,,,,,,,,,,,,,,,,,,,,,,,,,,,0.75
qmof-b41eac4,tobacco_SR_ttv_v1-3c_pyrrole_Ch_v2-12c_Zr_1_Ch_1TrU_Ch_1DoU_Ch_2x2x2,Zr6C66H22N6O32,Zr3C33H11N3O16,"[O-]C(=O)C#Cc1ccc(n1C=Cn1c(ccc1C#CC(=O)[O-])C#CC(=O)[O-])C#CC(=O)[O-].[O]12[Zr]34[OH]5[Zr]62[OH]2[Zr]71[OH]4[Zr]14[O]3[Zr]35[O]6[Zr]2([O]71)[OH]43 MOFid-v1.ftw,ttv.cat0",Zr.WQAMBGASZGYGKU.MOFkey-v1.ftw,['[O]12[Zr]34[OH]5[Zr]62[OH]2[Zr]71[OH]4[Zr]14[O]3[Zr]35[O]6[Zr]2([O]71)[OH]43'],['[O-]C(=O)C#Cc1ccc(n1C=Cn1c(ccc1C#CC(=O)[O-])C#CC(=O)[O-])C#CC(=O)[O-]'],[O-]C(=O)C#Cc1ccc(n1C=Cn1c(ccc1C#CC(=O)[O-])C#CC(=O)[O-])C#CC(=O)[O-].[O]12[Zr]34[OH]5[Zr]62[OH]2[Zr]71[OH]4[Zr]14[O]3[Zr]35[O]6[Zr]2([O]71)[OH]43,ftw,132,4.56459,6.87936,1.0978533981870435,2961.9107534014192,R3,146,trigonal,3,False,Anderson,https://doi.org/10.17605/OSF.IO/7DGVY,PBE-D3BJ,"['Zr_sv 04Jan2005', 'H 15Jun2001', 'C 08Apr2002', 'N 08Apr2002', 'O 08Apr2002']",520,"[1, 1, 1]",True,False,-1012.98532366,-8.80582,-1004.17950366,0.0,3.070933,-0.203394,-2.424327,True,"[None, None]","[None, None]","[None, None]","[None, None]",,,,,,,,,,,,,,,,,,,,,,,,,,,,,,,,,,,,,,,,,,,,,,,,,,,,,,,0.77
